5,4,1,6,category
0.12042974147197366,0.40901417539336166,0.35001616638556665,0.12053991674909777,1
0.06724266769116508,0.15338983189637714,0.3592016669170982,0.4201658334953596,1
0.1380512471123584,0.3663543172417789,0.4094187294542362,0.08617570619162661,1
0.11091741656425019,0.4341322325850484,0.34819955380899414,0.10675079704170737,1
0.10087914635903511,0.385784928124851,0.4278664563277377,0.08546946918837617,1
0.12207970886698544,0.3929535932198269,0.3752934537105619,0.10967324420262564,1
0.12293548472822337,0.3370784780160947,0.3963039850932276,0.14368205216245414,1
0.09630517561318423,0.3092577013192359,0.3604421356191858,0.23399498744839412,1
0.13062782731942008,0.3977098689333194,0.3348383459693945,0.13682395777786588,1
0.08909781357256075,0.21776325827758006,0.32434670045177827,0.36879222769808095,1
0.13222176366644783,0.34663593679473054,0.40180520098731076,0.11933709855151095,1
0.10418406468813561,0.36384138889389533,0.4227562590592456,0.10921828735872367,1
0.10327575423672858,0.3529505261327775,0.43682093983312825,0.10695277979736563,1
0.11014313662635809,0.4124223368585766,0.41455560141601333,0.06287892509905207,1
0.10274276668936144,0.3999639669983486,0.36303783097474945,0.13425543533754056,1
0.09430299609077548,0.2762191282997344,0.544254123246339,0.0852237523631511,1
0.09242892015078275,0.34999744483731643,0.4456589454691454,0.11191468954275564,1
0.10323047963337612,0.2875820070647309,0.5432909226141095,0.06589659068778349,1
0.14709537356965569,0.3864198070955969,0.3296710980370052,0.1368137212977422,1
0.1323054986196956,0.344034210106458,0.43146498198593913,0.09219530928790737,1
0.1142488005688413,0.3315283972188625,0.4393249501901771,0.11489785202211912,1
0.3623739614797818,0.35048631667515495,0.15875254861162566,0.12838717323343768,5
0.10892070659256417,0.342348739064318,0.4104456565477258,0.13828489779539196,1
0.14160006372174708,0.42893943447316707,0.3344783204655609,0.09498218133952495,1
0.13017537235809623,0.34898860103445445,0.38462433917223665,0.13621168743521261,1
0.09918957091333858,0.3511896818595167,0.4382799796106947,0.11134076761645,1
0.09504667713526711,0.28789487773337336,0.37253772095783083,0.24452072417352871,1
0.09650656759680569,0.34472543736614314,0.46314367535801837,0.09562431967903286,1
0.10392374642393767,0.29102699659034403,0.47899648395096395,0.12605277303475435,1
0.14712273208933904,0.3643056882493809,0.3352095145235625,0.15336206513771766,1
0.12443322039463356,0.33332905485057185,0.45419624202504494,0.08804148272974958,1
0.12657399503241293,0.32290082893927724,0.4084952768390058,0.14202989918930395,1
0.11355091309480551,0.3268569984420893,0.4662276343885061,0.09336445407459858,1
0.11570664689489855,0.28250755220072493,0.4454884849060155,0.15629731599836075,1
0.10077030664286758,0.3432187646166979,0.4662559821402196,0.08975494660021492,1
0.10843850000341572,0.3138017970215264,0.44034198044551637,0.1374177225295415,1
0.12158337960404991,0.4228338190801463,0.33837586748098736,0.11720693383481627,1
0.09529881836711337,0.2937916353034673,0.4562368345464931,0.15467271178292635,1
0.08220585096027978,0.31888766576380034,0.5474623630421256,0.05144412023379422,1
0.05392344294763975,0.16179037155912337,0.3922277498557916,0.3920584356374452,1
0.13924122152329466,0.3641229447226092,0.39795233799076996,0.09868349576332583,1
0.06340271975546893,0.1838924158349792,0.32967035986106147,0.42303450454849045,1
0.31999739388021836,0.3703206420284808,0.18690817411006005,0.12277378998124046,5
0.12141435236556625,0.344337997928552,0.4182332384348291,0.11601441127105268,1
0.08373675577051916,0.34225942478077537,0.25928425030829216,0.3147195691404132,1
0.10527775127278255,0.36117380482424816,0.40295507181878165,0.13059337208418764,1
0.32729933936885536,0.34603326630482245,0.21572809530638476,0.11093929901993763,5
0.0966089270065815,0.27050061999590747,0.5188575923116912,0.11403286068582001,1
0.05710901149599856,0.2256669525849397,0.4992914267170531,0.21793260920200871,1
0.09918454504955279,0.38636451260339355,0.3950752136096696,0.1193757287373842,1
0.06892012093996629,0.2644466926792642,0.5824748490789532,0.08415833730181635,1
0.09585187743572923,0.3805405366050026,0.4274112133655279,0.09619637259374035,1
0.10502727374087148,0.3971150196042606,0.30230836404774314,0.19554934260712478,1
0.08755126082623732,0.34183679513192267,0.4490898083870632,0.12152213565477675,1
0.11923180339756045,0.2585650766427118,0.505052532435238,0.1171505875244897,1
0.13487942651506668,0.39615426667982945,0.3475791842515721,0.12138712255353178,1
0.11494900427898413,0.42092322484979555,0.33356627615299184,0.13056149471822845,1
0.10220928581735692,0.34118861267940565,0.4357180130550036,0.1208840884482343,1
0.08977914327193944,0.30184873970163767,0.5063504374452616,0.10202167958116116,1
0.06484842336527442,0.2762935146187931,0.5247041644053969,0.13415389761053545,1
0.1126806402995383,0.3093640943285036,0.47727924817001866,0.10067601720193942,1
0.10136548581472145,0.40235235344588693,0.37606477861832427,0.1202173821210673,1
0.11485027170135534,0.3238425696591541,0.3963917788267951,0.16491537981269588,1
0.08101809990200115,0.198415941929871,0.524755836195252,0.1958101219728759,1
0.08940299015303753,0.23370900591414134,0.36269874701198684,0.31418925692083416,1
0.07907022028893439,0.2919601931366433,0.514147454516179,0.11482213205824321,1
0.10894426833753279,0.3238954944982314,0.4596064676788673,0.10755376948536877,1
0.10384571136713039,0.37281191350730475,0.3845720915273878,0.13877028359817697,1
0.10618801470271616,0.41834621809305633,0.30692794000155255,0.1685378272026748,1
0.0803345203797836,0.16518763851383236,0.32236895382609076,0.4321088872802933,1
0.10480871905379173,0.4203635030987292,0.35672751790875307,0.11810025993872601,1
0.09081262240029671,0.2771955307337124,0.5084506593850001,0.12354118748099079,1
0.07417381215752437,0.19847314222050713,0.24951178745316455,0.47784125816880385,1
0.10991654977926493,0.2619229804285884,0.5170102045754111,0.1111502652167356,1
0.07209523288580234,0.2035217387638395,0.3457284372949675,0.3786545910553907,1
0.09223029756536137,0.2077072967581283,0.29848927856212765,0.4015731271143827,1
0.08716288428458546,0.2271073568962374,0.38266015716198537,0.3030696016571918,1
0.10527881989672884,0.39236029570061104,0.3893496306926786,0.11301125370998126,1
0.10603642219225633,0.2655470453740754,0.47478147039541724,0.15363506203825086,1
0.09913337164353182,0.29426638656622217,0.4308585904416087,0.17574165134863745,1
0.10092463942611027,0.26710301829984506,0.43368921589154474,0.19828312638249979,1
0.09691889375593953,0.3738290106377807,0.358140155007725,0.1711119405985547,1
0.12784240782458242,0.397320433782556,0.38027273500181563,0.09456442339104569,1
0.09818421338412603,0.2878000890241015,0.44031380610078735,0.17370189149098494,1
0.09440824125277213,0.29741475327328515,0.2784776428228145,0.3296993626511283,1
0.11472213982862815,0.3544572497811568,0.42254052321616825,0.10828008717404693,1
0.07634393205339983,0.30843338087189187,0.4963774924632589,0.11884519461144925,1
0.10955751755543862,0.3029827001925677,0.2978505036350131,0.2896092786169807,1
0.10121702345414009,0.3521262833369277,0.43999643592678206,0.10666025728215028,1
0.11401531752375786,0.36654806611037716,0.41944039391249605,0.09999622245336837,1
0.11480871074604466,0.3930758723154732,0.39473826222274283,0.09737715471573906,1
0.09936760098670734,0.4196810234532922,0.3826251985448413,0.09832617701515922,1
0.11386175271035297,0.4047124811403962,0.3707663657502224,0.11065940039902834,1
0.09832750089740383,0.2877186671621667,0.38724184546562995,0.2267119864747993,1
0.1280653338201104,0.3788561917142184,0.3840876019899429,0.10899087247572817,1
0.08103005006608709,0.16711910349837988,0.32783914338811015,0.42401170304742286,1
0.12087727300686656,0.39392488532228814,0.35873585033649674,0.12646199133434852,1
0.1292514628656821,0.36081383276372153,0.3756613536263531,0.13427335074424315,1
0.09481466353012122,0.20997737194054622,0.3748074964630159,0.3204004680663166,1
0.1320312207060496,0.430899082255781,0.2947990599666718,0.14227063707149748,1
0.05881035365583552,0.1507782940271038,0.3160216247083102,0.4743897276087504,1
0.3113621752472342,0.3964185319630194,0.11927080394146775,0.172948488848279,5
0.07948464375324468,0.23286929395006,0.4086944737204909,0.2789515885762042,1
0.09957660258123627,0.3201564435248261,0.4508609324546145,0.1294060214393232,1
0.32672479559549694,0.375016222707359,0.1687809008723075,0.12947808082483656,5
0.09115541272264113,0.26015676680783534,0.3025909013922444,0.34609691907727896,1
0.12762494209909425,0.38081027069312867,0.4025889384160959,0.08897584879168108,1
0.12530389753295756,0.3674614327744312,0.39814677224076167,0.10908789745184945,1
0.07846422764221485,0.18355324151223415,0.3212802328228131,0.41670229802273784,1
0.14951496448436866,0.3627025908981316,0.31332289632946,0.17445954828803978,1
0.08532635768744408,0.16916526448722202,0.3340791309256832,0.41142924689965077,1
0.10679565410982582,0.2561583760885387,0.3459077181522621,0.29113825164937335,1
0.10662782927201149,0.3828374824012381,0.39928536909532375,0.11124931923142671,1
0.10453426381963718,0.686842071552597,0.09841973036941556,0.11020393425835034,4
0.11688061411086775,0.6054363705532531,0.12925460630046046,0.14842840903541873,4
0.1487555110980254,0.5544632179938014,0.14589789084132396,0.1508833800668491,4
0.12100865732783557,0.6476172232870893,0.10465085045294022,0.12672326893213498,4
0.30258858550348805,0.4962163892628735,0.08407279691094849,0.11712222832268988,5
0.13051245103320783,0.6253479290453858,0.11376579234169572,0.1303738275797104,4
0.11201525456059268,0.621790618341479,0.150302266270231,0.11589186082769763,4
0.14729638032083112,0.622234843190386,0.13457350672757956,0.09589526976120341,4
0.056684807740507256,0.4069528535583071,0.0747795166488351,0.46158282205235046,4
0.11805880765127512,0.6639982235908519,0.10992971857410119,0.10801325018377171,4
0.13494445667756655,0.5687477347217463,0.15144461600347117,0.14486319259721575,4
0.09917890392951385,0.615828692351291,0.10621285726390038,0.1787795464552945,4
0.07263087443453409,0.6160219995435071,0.11753485180795228,0.19381227421400643,4
0.0793492761012011,0.5137574151490842,0.0950674069859628,0.3118259017637519,4
0.08144461631810901,0.6115547444807449,0.0544435857423548,0.25255705345879115,4
0.13209155717796026,0.58293549123562,0.13928390144772854,0.14568905013869116,4
0.09839184573958032,0.4402829371511827,0.11924826469649759,0.34207695241273944,4
0.10449240406783011,0.7028128157378029,0.03581689916048304,0.15687788103388403,4
0.1197184474016446,0.553657640675916,0.11562133687924815,0.21100257504319114,4
0.12048432612172676,0.5991750963896237,0.08930916041447953,0.19103141707416987,4
0.3382119801097699,0.405478984600481,0.12768140947007514,0.1286276258196743,5
0.4001327707743655,0.39102806444849136,0.08721437081900656,0.12162479395813659,5
0.11728750598006775,0.5842175005733431,0.17477062072887947,0.12372437271770942,4
0.01977943035050336,0.8667909078376445,0.036217095955066086,0.07721256585678599,4
0.1365801541172075,0.6148966858107703,0.150166458289693,0.09835670178232908,4
0.30125191621483266,0.4410368008734429,0.08166421272094769,0.17604707019077656,5
0.08859696532827264,0.6357137996761846,0.06376248239875565,0.21192675259678712,4
0.08629704273904289,0.393013801138841,0.1501396325735273,0.3705495235485887,4
0.12383518031580137,0.6564392334402708,0.12207146066885528,0.09765412557507262,4
0.10290527783970416,0.6940098354780613,0.09492765142037549,0.1081572352618591,4
0.24052393589025944,0.4458728164406107,0.1365043505040006,0.1770988971651292,5
0.10166216368021616,0.6506371810042376,0.10612618560878187,0.1415744697067644,4
0.12462160435753573,0.6135754299256394,0.13513552494202197,0.12666744077480271,4
0.12370810855182865,0.6632067288432488,0.09793242474127199,0.11515273786365049,4
0.12090959804608521,0.6221076695460614,0.11153457465136105,0.14544815775649236,4
0.11018042792246446,0.6842436321318837,0.09150942762059291,0.1140665123250589,4
0.0765766155562118,0.5827891944014768,0.09070141337077357,0.24993277667153763,4
0.11081424820690514,0.6114656402224317,0.1485091877397431,0.12921092383092042,4
0.058562276330575036,0.5485327032458128,0.05803770281488839,0.3348673176087238,4
0.13231834738164897,0.6237653204457377,0.12045839587369761,0.12345793629891556,4
0.06838797284575107,0.6809826250819229,0.11427438368892776,0.13635501838339828,4
0.0967342181145823,0.6320474035974433,0.11015544693213086,0.16106293135584357,4
0.11486020881587426,0.6333847070316904,0.11592256834183348,0.13583251581060188,4
0.09030641276582313,0.6808969419501224,0.10395418827754599,0.12484245700650844,4
0.10732775566069684,0.40114442175047327,0.038764843576250194,0.45276297901257967,4
0.08719764147347128,0.7054474483353507,0.09837658223125817,0.10897832795991994,4
0.12898076637959766,0.6353534455237844,0.08765808184001093,0.1480077062566071,4
0.11457320834656051,0.6137768864025748,0.11086013589507562,0.1607897693557892,4
0.12799289692328356,0.6389091072905007,0.08340276363672894,0.14969523214948685,4
0.08619812419195583,0.6679151605130977,0.1303245995915309,0.11556211570341542,4
0.13346362719503413,0.5958158356480772,0.12717288142954844,0.14354765572734016,4
0.10777782080653071,0.6568337007123404,0.11220283378668179,0.12318564469444718,4
0.07183877239755476,0.6689346236084648,0.10982867944889488,0.14939792454508571,4
0.13095423852197424,0.6474661758914764,0.08830630536764555,0.13327328021890408,4
0.06615693271523716,0.5101105867878203,0.09523640104556884,0.3284960794513739,4
0.08893821231034026,0.7136507666182144,0.08427687023864731,0.11313415083279807,4
0.08925920070593767,0.6571342006458984,0.04352952557784447,0.21007707307031942,4
0.11234927915093151,0.6040407818409871,0.15524355290452183,0.12836638610355972,4
0.3070718747691055,0.45008500883558294,0.10841860253807657,0.1344245138572349,5
0.12140395431865142,0.5682969445823537,0.11425614488195199,0.19604295621704276,4
0.13333112591264232,0.6022360815593294,0.11535858841434445,0.14907420411368394,4
0.1945165870397403,0.5561677193764467,0.0762843941641255,0.17303129941968717,4
0.1945165870397403,0.5561677193764467,0.0762843941641255,0.17303129941968717,5
0.1945165870397403,0.5561677193764467,0.0762843941641255,0.17303129941968717,4
0.10614250612568975,0.6581953798318576,0.10923051339457578,0.12643160064787706,4
0.12261171620516347,0.5663317152331901,0.14823476090469068,0.16282180765695567,4
0.13339646131399488,0.6279087940982463,0.1289677015130723,0.10972704307468617,4
0.118902328170236,0.5940367693851488,0.11993973599431174,0.16712116645030345,4
0.09722713849108928,0.6341995468399749,0.11755992713309511,0.15101338753584054,4
0.11895812009901002,0.6159330254352207,0.04569288962572505,0.2194159648400441,4
0.06979899289279469,0.48874377285118725,0.07833672537867553,0.36312050887734265,4
0.10649686667474925,0.6061018466881302,0.1316461361536593,0.1557551504834613,4
0.11211340891472618,0.6208309473372965,0.14796264445638527,0.11909299929159232,4
0.1096470633751601,0.5917380371670314,0.0993879690327002,0.19922693042510825,4
0.11847479086839552,0.6206794215336812,0.125412154695229,0.13543363290269414,4
0.10492053573296449,0.5705343880889541,0.15106071192381684,0.17348436425426472,4
0.08212327372985931,0.5309076638080957,0.06562082059273354,0.3213482418693114,4
0.13009515324193627,0.616700081700728,0.1471927051334166,0.10601205992391904,4
0.11795879033566545,0.6473662910506488,0.0664695941292845,0.16820532448440131,4
0.11496360111981911,0.40855523835724517,0.11977961311380668,0.356701547409129,4
0.33214371828892286,0.4077439547580942,0.09585693339563131,0.16425539355735144,5
0.08769172482434591,0.46354550851522114,0.05721778595707714,0.3915449807033558,4
0.1061468180139981,0.6343029098612427,0.1401009193697436,0.11944935275501548,4
0.11182571238241172,0.5491740433242646,0.10425142125746678,0.23474882303585687,4
0.1250936878656801,0.6568737132902844,0.07511156711544698,0.14292103172858833,4
0.04719754963749268,0.7690329354489382,0.07488683002264541,0.10888268489092377,4
0.09320318165040498,0.4503387605372132,0.08144000334939086,0.37501805446299097,4
0.09797409529602899,0.6009540342233619,0.08793384867399702,0.2131380218066121,4
0.09621920918471741,0.5312004414739337,0.10478272188382767,0.26779762745752134,4
0.09810349477716127,0.5948589201859262,0.10994027286456481,0.1970973121723477,4
0.11151333238166132,0.6121851742911925,0.05815491563586017,0.21814657769128612,4
0.09598026707676159,0.48006980365250745,0.09973282528214011,0.3242171039885909,4
0.12238842578307473,0.6045238953048216,0.1265596535184079,0.14652802539369578,4
0.08408307800646049,0.5064392514078458,0.07375223132912372,0.3357254392565698,4
0.08408307800646049,0.5064392514078458,0.07375223132912372,0.3357254392565698,4
0.10347107153087717,0.6355910839226512,0.09713634385343228,0.16380150069303923,4
0.13067022764955327,0.6209250411434295,0.1104971698909419,0.13790756131607523,4
0.1245486866661833,0.5909165470337201,0.08191998647236383,0.20261477982773285,4
0.09597092667865263,0.5882584449159085,0.1130703951203019,0.20270023328513667,4
0.114577438510079,0.6200928936213351,0.10047475020820867,0.16485491766037721,4
0.11542278433560833,0.5270856596073697,0.06108406442261375,0.29640749163440805,4
0.09230028289232549,0.39753764154112076,0.06625093845083557,0.443911137115718,4
0.13683742590216164,0.6207591494288601,0.13402046772963794,0.10838295693933982,4
0.08220514490338979,0.4350927496786291,0.02984546015531383,0.4528566452626672,4
0.12318068093563317,0.49070280261357535,0.05825042867014467,0.32786608778064674,4
0.09073830355134543,0.6220575704303646,0.10737933512270581,0.17982479089558417,4
0.11229590960393028,0.6343681911243679,0.13932338891687449,0.11401251035482736,4
0.11947792949705464,0.5938155007973132,0.04750621285292169,0.23920035685271043,4
0.13600773053666804,0.6098131404434151,0.1241846714773929,0.1299944575425239,4
0.11206627763834293,0.5184101440202,0.05413630675093792,0.31538727159051916,4
0.08240539637734022,0.4790892525471362,0.085886427564641,0.35261892351088253,4
0.0935009448536198,0.6647483591318003,0.04801654955446829,0.1937341464601118,4
0.09538543821873278,0.6372744451256224,0.12326515587496975,0.1440749607806751,4
0.10608643841213397,0.528438308547775,0.12936155117584863,0.23611370186424238,4
0.1260786216211326,0.6101603796568735,0.12778233642099257,0.13597866230100109,4
0.08775200949689382,0.509488024517152,0.09324197215469844,0.3095179938312558,4
0.09375218090263913,0.6393016377745749,0.12342005395187446,0.14352612737091144,4
0.11482315582735379,0.5846047870940024,0.12581809918020823,0.1747539578984354,4
0.08525722177832307,0.42663640902724426,0.05786096607048443,0.43024540312394827,4
0.07581269523671769,0.7184760031887933,0.09190974890521385,0.11380155266927496,4
0.1027987388320123,0.6522957866753206,0.10319703513974492,0.14170843935292235,4
0.10318292527258266,0.6280590504604141,0.08233421252395201,0.18642381174305148,4
0.100822933375805,0.5020864446340979,0.07838823359645646,0.3187023883936406,4
0.11084707243835745,0.5629915443436971,0.15345238170089837,0.17270900151704702,4
0.08608665139298557,0.44572895695322723,0.059007954152755795,0.4091764375010313,4
0.17802105779612232,0.44880272610056143,0.08475309246751013,0.28842312363580624,4
0.06338093014241393,0.4496519393907168,0.059908592589498696,0.4270585378773707,4
0.11464568642937244,0.4105644831907415,0.07057486514161601,0.4042149652382699,4
0.0704355942243819,0.4976076270032559,0.04034885950580407,0.3916079192665582,4
0.1005401251971425,0.6690528769398392,0.12286245843715832,0.10754453942585983,4
0.11581224580142901,0.6481558320789009,0.10060836752478797,0.13542355459488215,4
0.13686969311451788,0.6750081645904156,0.05387829790963885,0.13424384438542786,4
0.11634201051530121,0.6249958282396897,0.09904480233498747,0.15961735891002166,4
0.09609108173214438,0.33690703936314137,0.0769550131752449,0.4900468657294691,6
0.06797971113597374,0.515968446780522,0.05614340478689754,0.3599084372966067,4
0.07306256394879541,0.42233058045794214,0.0653359646430147,0.4392708909502477,4
0.10256137923906906,0.47486441862910145,0.06571471207122491,0.35685949006060447,4
0.10659987494530532,0.6152403459776704,0.06746354870111189,0.21069623037591192,4
0.11939135211071493,0.597008646212249,0.122027658264436,0.16157234341259963,4
0.10234434606308858,0.4944218298022729,0.13017260214845716,0.27306122198618105,4
0.11234104809964433,0.6299529172398751,0.11494856782876632,0.1427574668317143,4
0.07558314944401397,0.7117455488734856,0.0940879727885073,0.11858332889399295,4
0.10252685259863906,0.6473335463750817,0.08892979632172003,0.1612098047045597,4
0.11133610497026863,0.6416118569385258,0.11401515180777538,0.13303688628343002,4
0.36699407587607724,0.42934603133206406,0.09868360802263616,0.10497628476922247,5
0.13834460219635253,0.6127659655797016,0.11493529462942946,0.1339541375945166,4
0.10874335085023996,0.6498688802747524,0.07769214738177058,0.1636956214932371,4
0.11150771269184231,0.6104383951565661,0.11174541391839862,0.16630847823319278,4
0.11654210258238284,0.4844419244816554,0.2207170040082237,0.17829896892773817,1
0.3598194653661984,0.3942920006260493,0.1376890590069712,0.10819947500078111,5
0.23269200403276719,0.4880725936829923,0.11598626639453402,0.1632491358897066,5
0.2948445202123666,0.5095467829640075,0.07647190955831558,0.11913678726531024,5
0.06543069342518365,0.6990213521861334,0.10197158829985535,0.13357636608882759,4
0.3641913935815012,0.4376105027605865,0.08512879038828987,0.11306931326962236,5
0.1674294546318403,0.6068858925558367,0.09438402819538838,0.13130062461693462,4
0.124778497913704,0.6349793712556584,0.10052231516185009,0.1397198156687874,4
0.1127658921097598,0.6366040200883573,0.11394161232523432,0.13668847547664878,4
0.16610426385583132,0.5518010173588023,0.07213475982605365,0.20995995895931277,4
0.09246050530579017,0.7165426944819964,0.06519637751116189,0.12580042270105166,4
0.09966899492239638,0.6589574894574332,0.08807900103421741,0.1532945145859529,4
0.11975134211600452,0.6438219316565694,0.10373064874311416,0.1326960774843116,4
0.1048822744830308,0.6162260228513098,0.11934502307962935,0.15954667958603017,4
0.10873172037762766,0.584994810956467,0.07436963883638048,0.2319038298295246,4
0.10181284173956087,0.622433596187263,0.1289400937935284,0.1468134682796476,4
0.3835606352202692,0.3679891086745576,0.11227031125348516,0.13617994485168805,5
0.12122711886729753,0.5437880644346722,0.13444397791066526,0.200540838787365,4
0.2835685575474905,0.42762451718274685,0.08703689527564212,0.20177002999412036,5
0.29440781367974866,0.43104324634409846,0.12142033735903086,0.15312860261712202,5
0.09823750935165468,0.6910949737555638,0.060759992224555415,0.14990752466822588,4
0.10856714581332545,0.6327453864271273,0.10998565938623679,0.1487018083733102,4
0.07241610232799192,0.7792988955098253,0.04833088832234859,0.09995411383983399,4
0.1607781312803855,0.5843649968251378,0.13094452765517567,0.12391234423930113,4
0.11837729592656338,0.5806686008597595,0.14108417440981738,0.15986992880386006,4
0.2209695255856476,0.5440166350854981,0.08000768353821516,0.15500615579063903,4
0.11654210258238284,0.4844419244816554,0.2207170040082237,0.17829896892773817,4
0.10949276968511241,0.6684901025325981,0.05219534012851792,0.16982178765377162,4
0.36951289817660704,0.37442388956866546,0.13199274010258236,0.12407047215214513,5
0.13283640698685883,0.6373415162394778,0.072625968980699,0.15719610779296417,4
0.11079026814932852,0.6705217179091999,0.0960127508323701,0.1226752631091014,4
0.11447158020523072,0.5901416726174402,0.04229325466664739,0.25309349251068153,4
0.12438176471612859,0.6426835934194504,0.12336943555205077,0.10956520631237036,4
0.10628784523780652,0.6435736060915918,0.07752459311155034,0.17261395555905165,4
0.2506164831497246,0.2372277499569676,0.06826075965583951,0.44389500723746833,5
0.3295050979346919,0.41238713292099083,0.11320305940152914,0.14490470974278807,5
0.10536265778751408,0.6671337618361307,0.12041136933916131,0.10709221103719385,4
0.10923007988875603,0.5633866996355618,0.13259069957453068,0.19479252090115154,4
0.10844296220627936,0.7022366228864906,0.10216852669070867,0.08715188821652141,4
0.11534543480679234,0.65490248954054,0.11463925636920844,0.11511281928345912,4
0.13025164938486847,0.6222573830732481,0.13725246928839835,0.11023849825348511,4
0.09089872901554141,0.7262257186689381,0.08972200956347597,0.09315354275204443,4
0.13576763188582744,0.5556079670656882,0.17400904113530402,0.13461535991318035,4
0.3943221866052809,0.378373288127045,0.1214179007608641,0.10588662450680983,5
0.32476317661573983,0.41649510748669377,0.12234087833514393,0.13640083756242224,5
0.08706504732034455,0.6296058238052072,0.12556482446744574,0.15776430440700234,4
0.10314734548198412,0.6306052777951868,0.09315251168270042,0.17309486504012855,4
0.12113551113545554,0.6060436548807361,0.14071089931229763,0.13210993467151033,4
0.11007038276823229,0.6710847151983084,0.08649947708072117,0.132345424952738,4
0.09016621929500078,0.6018942962628275,0.06727260325978374,0.24066688118238785,4
0.11553005549780856,0.6612144612983573,0.06108900558290663,0.16216647762092762,4
0.14550355167395207,0.5921608293368278,0.10366362247021252,0.15867199651900762,4
0.11746773524391523,0.6359826409170147,0.11510512972052146,0.13144449411854855,4
0.38527040301208315,0.373336789690332,0.12711398520471315,0.11427882209287196,5
0.12002986240696058,0.599116743682797,0.13805576090243246,0.14279763300780998,4
0.11966736261321617,0.6178664771732157,0.10606851680413322,0.1563976434094347,4
0.09912659894757282,0.6373183728517963,0.07617248032194988,0.18738254787868103,4
0.1273589676977281,0.6976127032092048,0.05083972435801261,0.12418860473505484,4
0.11034627604103805,0.5796367055267622,0.14676555708255684,0.16325146134964308,4
0.09342439179080682,0.6451490606265236,0.034209714303421436,0.2272168332792483,4
0.10538485518614828,0.5817858843340933,0.08528287875581954,0.2275463817239388,4
0.34866495361265265,0.4133440630823721,0.13486039024838306,0.10313059305659189,5
0.1293006001094621,0.635456162028069,0.1260323053496603,0.10921093251280871,4
0.11535353884799357,0.6079238572316351,0.15434435966832522,0.12237824425204619,4
0.10051232285034586,0.5956312255371502,0.09618957666566663,0.20766687494683753,4
0.10394581559586218,0.6089540583838148,0.07135170675958323,0.21574841926073973,4
0.08405961909640564,0.710089148373889,0.11940797866565166,0.08644325386405358,4
0.11388853735174499,0.6414285534689808,0.09107599477590132,0.15360691440337298,4
0.11018871888570089,0.6658435276943765,0.10744064682295666,0.11652710659696605,4
0.11780354591587369,0.6518573195249298,0.12794519519266784,0.1023939393665289,4
0.09717160995777745,0.5857934240019917,0.15880881462080151,0.15822615141942908,4
0.2418121741378751,0.4978423656934812,0.1161356140209814,0.14420984614766236,5
0.08258937900162591,0.6444034356107261,0.07174959066473027,0.20125759472291782,4
0.12948641124588628,0.6114985600084546,0.11991286729101916,0.13910216145464016,4
0.35965703159108503,0.44253748337267257,0.07117639084026055,0.12662909419598187,5
0.10454056192114031,0.619976720693231,0.10515285372748373,0.1703298636581448,4
0.1055614296523623,0.4730042962716873,0.1379839599052898,0.28345031417066063,4
0.14588008926420548,0.5596451186240256,0.15645993525728585,0.13801485685448317,4
0.11400324411149627,0.6230961750690678,0.14657469065441006,0.11632589016502552,4
0.13889388078664358,0.5746437559958888,0.14884163487713553,0.13762072834033162,4
0.13181972892019034,0.5543458230179176,0.11208036519717986,0.20175408286471205,4
0.11339109387330601,0.6220059415919473,0.10350984005630276,0.16109312447844384,4
0.11060047828716191,0.7203227399896491,0.04326988549995191,0.12580689622323696,4
0.14028097370629325,0.594686512087393,0.10408368105672207,0.16094883314959155,4
0.11339109387330601,0.6220059415919473,0.10350984005630276,0.16109312447844384,4
0.0891683268855445,0.7187519458968578,0.08633776308316192,0.10574196413443594,4
0.10517786847929494,0.6253629379238107,0.11265004715213775,0.15680914644475658,4
0.08422853484784779,0.6563615084691347,0.0897341667879231,0.16967578989509421,4
0.10055842637415806,0.617961874091237,0.10245304270894168,0.17902665682566327,4
0.294798908558888,0.4535960848055003,0.14415638749639942,0.10744861913921229,5
0.10493820864344709,0.7053199352045579,0.05562466374401304,0.13411719240798206,4
0.11085175917989565,0.618820055051803,0.1400782068500875,0.13024997891821372,4
0.1443262210170679,0.5867482493535235,0.13225379435799686,0.13667173527141183,4
0.1228173452872484,0.6453926569095192,0.08532466427615855,0.14646533352707383,4
0.13086693676847613,0.6316492282449004,0.11794924362989954,0.11953459135672367,4
0.10438508403169337,0.6609021490958226,0.12025867065233757,0.11445409622014623,4
0.13461235276331804,0.5663047729469468,0.09026041603049352,0.20882245825924164,4
0.10493820864344709,0.7053199352045579,0.05562466374401304,0.13411719240798206,4
0.11660724201495803,0.6993428855833647,0.06956548180536667,0.11448439059631059,4
0.14099305772790546,0.596185765068739,0.14640890212621294,0.11641227507714229,4
0.12579001527303146,0.6460060385825752,0.08311435410063686,0.14508959204375654,4
0.3180363389705933,0.41688536648329394,0.13906491995080472,0.126013374595308,5
0.3534923856263458,0.3490950233664564,0.1722734786524177,0.12513911235478,5
0.14749493168902816,0.6283103156909716,0.08694006847658012,0.13725468414342004,4
0.13281972733814387,0.5232909354461163,0.14784588002572147,0.19604345719001834,4
0.11949477031701722,0.6563776763589314,0.10665774488262557,0.1174698084414257,4
0.0933465998297804,0.6563610090897379,0.09597992567839331,0.15431246540208843,4
0.07521279727463617,0.7392590729253574,0.04380989848968723,0.1417182313103192,4
0.1324676620727831,0.7442693694341275,0.04100530495301455,0.08225766354007494,4
0.24930761395625933,0.42893713663185795,0.11285080216560707,0.2089044472462755,5
0.19010024655366697,0.5135585545074078,0.10069899478428807,0.19564220415463698,4
0.16308066728633439,0.5041573200838216,0.11230879587467929,0.22045321675516463,4
0.15156436976081028,0.6014465266541105,0.1402416143581522,0.10674748922692678,4
0.14024948207800317,0.5224659641298236,0.15686208660555578,0.18042246718661736,4
0.14647515163605632,0.6004362825151863,0.05730451315142601,0.1957840526973314,4
0.16734277329988573,0.6117343977194019,0.08803576272668452,0.1328870662540278,4
0.09773878031009464,0.6306497240429209,0.12235377955713048,0.1492577160898542,4
0.11732401971482546,0.5530887231850999,0.15359996721404406,0.17598728988603077,4
0.11224942751404003,0.6338024749384259,0.13014208845232578,0.12380600909520921,4
0.14194267746320913,0.5530003698860236,0.1062390914197131,0.198817861231054,4
0.1293295761898321,0.6342113268925813,0.11771548800400476,0.11874360891358185,4
0.17600904846294932,0.6216275227225712,0.09689293869005774,0.10547049012442171,4
0.1186549644149307,0.6056178975341053,0.09523774149293646,0.1804893965580277,4
0.10694780031830556,0.5562141529982886,0.09467975548459481,0.2421582911988109,4
0.0939470986317352,0.468886806301923,0.07924939298985151,0.3579167020764903,4
0.11984464217679351,0.6356132037262816,0.11161518819616906,0.13292696590075578,4
0.1170590344302712,0.6639404632048622,0.08246276870149442,0.13653773366337207,4
0.14323181279922062,0.6172616231434634,0.08990695446413398,0.14959960959318205,4
0.10927539159967324,0.6296990155798253,0.1274439873051302,0.13358160551537124,4
0.07628184007350126,0.389965262735503,0.06645457942575309,0.46729831776524255,4
0.12350489707507188,0.6351139326800574,0.08770915285511897,0.15367201738975167,4
0.10083700826211583,0.6782599082783655,0.10198327830773336,0.11891980515178546,4
0.12310291470607354,0.6637965776536481,0.0640121651594812,0.14908834248079697,4
0.15630258460693133,0.630130207979449,0.09596822800849567,0.11759897940512412,4
0.09434123195180096,0.6740404678036644,0.08037679686303503,0.15124150338149964,4
0.1364366496754051,0.6604818297392264,0.07780744398780338,0.12527407659756512,4
0.3170630753721698,0.4420011649087554,0.09086523883414875,0.15007052088492592,5
0.09546787234679166,0.709322578547706,0.07108183538470236,0.1241277137207999,4
0.11987634502869442,0.5838084305647875,0.16206127212740945,0.13425395227910888,4
0.11979923553825052,0.6524681288705343,0.08655054809319376,0.14118208749802152,4
0.11149790338562217,0.6297526984530751,0.13159096697431086,0.12715843118699183,4
0.12732883718975976,0.5983854947158436,0.14933739230380746,0.12494827579058912,4
0.05717951241133899,0.5973231617935528,0.025202191586242966,0.32029513420886513,4
0.0715019464504345,0.5988309668496321,0.03312744198135097,0.29653964471858235,4
0.12388482576409325,0.60128530768421,0.14121812938556338,0.1336117371661331,4
0.3766888717658727,0.4121589429499129,0.058060044821313724,0.15309214046290065,5
0.12427966624654066,0.6437540969166256,0.10152198545040457,0.13044425138642918,4
0.11149790338562217,0.6297526984530751,0.13159096697431086,0.12715843118699183,4
0.14467232659374774,0.6030648833386512,0.08079755944974347,0.17146523061785765,4
0.11393225859208765,0.6066128543681772,0.13379403304640738,0.1456608539933275,4
0.10822937544657556,0.687277436477527,0.07250138523075353,0.1319918028451438,4
0.13015507151463898,0.6113905074286995,0.06566509681117609,0.19278932424548537,4
0.08821793661259464,0.7083217724382647,0.05435023790938326,0.14911005303975744,4
0.331538319009904,0.4020746436567628,0.13631199917582293,0.13007503815751054,5
0.12853892198442662,0.6426703854747458,0.06697259667264346,0.16181809586818435,4
0.07638902221059696,0.7829121440885698,0.0701798491801711,0.07051898452066191,4
0.10723678762402725,0.7024574606520637,0.08362545119566188,0.10668030052824634,4
0.09212909464815884,0.6668173321702183,0.07898189848870385,0.16207167469291894,4
0.11596602334080634,0.6428519299093856,0.1059618797414306,0.13522016700837766,4
0.0704290641876456,0.4201467950384767,0.04392578556296658,0.4654983552109111,4
0.11196925568326134,0.6476148587954162,0.10759132571285847,0.1328245598084641,4
0.08466004451046882,0.6818207167619647,0.09289604146171442,0.14062319726585212,4
0.056773409050581085,0.6916075170071659,0.06607587985653919,0.18554319408571388,4
0.193368716663922,0.5177476927865615,0.09365465372198122,0.19522893682753514,4
0.11236270894495357,0.638778068040325,0.09933353891096362,0.1495256841037579,4
0.10927566576340694,0.6764793906225379,0.08832577999467044,0.12591916361938466,4
0.15753406830909958,0.6118378045969449,0.12179290309845826,0.10883522399549736,4
0.07776205397780962,0.7133281039498893,0.05126666637449841,0.15764317569780284,4
0.124048674165542,0.6251240620832257,0.13270668852941336,0.11812057522181885,4
0.09126741398865244,0.6837259241270492,0.09885306151851396,0.12615360036578427,4
0.11065021071725378,0.6520818562922819,0.13012946343641774,0.10713846955404681,4
0.12731652482070838,0.663193489929731,0.0867873018186048,0.12270268343095568,4
0.10409742036601004,0.635226588926934,0.1117249997180776,0.14895099098897835,4
0.08365004973275021,0.7860057290922572,0.05553919277351028,0.07480502840148207,4
0.18997694744063054,0.626219122294202,0.046855179751882144,0.13694875051328542,4
0.07216097848256071,0.7601514892626686,0.09597082502105699,0.07171670723371365,4
0.060121109604012866,0.7327012373871632,0.024563093945650805,0.18261455906317323,4
0.07088773986340514,0.7339772089782292,0.09452544814741919,0.10060960301094662,4
0.13521194275415935,0.6123960855165909,0.1486585381081174,0.10373343362113223,4
0.10982971833490675,0.643057696623428,0.13558588114737669,0.11152670389428836,4
0.1212800278121028,0.64010374379172,0.1329417629175009,0.10567446547867589,4
0.12187401254088785,0.6380035190313146,0.10396620388938031,0.13615626453841706,4
0.10327269239167104,0.6522369412281088,0.1247805519989717,0.11970981438124775,4
0.056628726613690804,0.7658442270894591,0.10013612140023385,0.07739092489661627,4
0.10626479358277569,0.6889365015554365,0.06054054938429072,0.14425815547749704,4
0.10741949148201904,0.7353383579567103,0.060241779019009206,0.09700037154226122,4
0.12437895506679292,0.5856753218240988,0.162172118099231,0.12777360500987706,4
0.16195256102376052,0.5743164816718928,0.09895127371782858,0.1647796835865181,4
0.12674591435215662,0.6147020903880774,0.12976076681328622,0.1287912284464797,4
0.32668147462882124,0.45707082562350787,0.08262127508988071,0.1336264246577897,5
0.36460236878869284,0.4448468777750893,0.040939285612752445,0.14961146782346546,5
0.10521042754172584,0.6841532102203755,0.0930170007935005,0.11761936144439725,4
0.11523202704610004,0.6130013899061363,0.14409533282006384,0.12767125022770012,4
0.11467771360933349,0.6255206039904476,0.11250198287268649,0.14729969952753252,4
0.1852497844799929,0.5482302697079932,0.08552041872890863,0.1809995270831051,4
0.1310490141178526,0.6214212603629112,0.12506635653803716,0.12246336898119907,4
0.10634276189142473,0.657431556197381,0.104259936786419,0.13196574512477527,4
0.11545752052537941,0.6000573550577201,0.12063017260569792,0.16385495181120244,4
0.12966712096856145,0.6208399807643105,0.10127697911579836,0.14821591915132962,4
0.11010018676034436,0.607599738343897,0.0654377908429351,0.2168622840528234,4
0.08958323523886469,0.4650167160467098,0.10063195532544167,0.3447680933889837,4
0.1303260708505029,0.5856116847682687,0.1315286651082817,0.15253357927294658,4
0.11967974298237977,0.6605939034208645,0.1205602263003802,0.09916612729637542,4
0.08223137890388452,0.653839229861684,0.1267618677239121,0.1371675235105196,4
0.1628245046861514,0.5723851784760166,0.09824140412787988,0.16654891270995206,4
0.1230109280683856,0.620817604443508,0.14355704492204252,0.11261442256606377,4
0.11634877535622683,0.6531979430263778,0.10081604576898787,0.12963723584840747,4
0.051315845843750506,0.6701431313505235,0.06777125796899694,0.21076976483672907,4
0.09604837236843311,0.6763053255574923,0.08330610645278493,0.1443401956212897,4
0.09376150635966089,0.6840123416156473,0.08132262772771862,0.14090352429697328,4
0.10254365421786305,0.6270144110054328,0.10707341455810451,0.16336852021859954,4
0.176101598491177,0.4971224135458274,0.1053313583443784,0.2214446296186169,4
0.14987161987104541,0.6602712784516687,0.043471279062297155,0.14638582261498861,4
0.10215969955476235,0.7050531693008906,0.09344647502589074,0.09934065611845633,4
0.11449078502163733,0.6160878930350144,0.12408423742809925,0.14533708451524904,4
0.06715620338806576,0.6082116842401492,0.06973571560548347,0.25489639676630166,4
0.11775818594434628,0.5610083221322842,0.14628058102897296,0.17495291089439646,4
0.1365990988603048,0.6738961070937008,0.07540748796362404,0.1140973060823702,4
0.10015158325237139,0.6882789830869175,0.0987483599282189,0.11282107373249202,4
0.0930488405934855,0.6209344478964606,0.07363910146444641,0.21237761004560743,4
0.11604000969382038,0.6807968938150726,0.0632134913453454,0.13994960514576207,4
0.12915636530323965,0.5777333654471712,0.14020164387671039,0.1529086253728785,4
0.10572366524994983,0.6930197548433352,0.0795958787002187,0.12166070120649607,4
0.22066273417510415,0.511686909753031,0.0632649156712129,0.20438544040065187,4
0.07930688955479673,0.7611987898921698,0.08216713365638215,0.07732718689665127,4
0.12946292853717195,0.6446823890542382,0.10255265428911546,0.12330202811947423,4
0.09496829647642914,0.6459113254932104,0.12104440262246798,0.13807597540789254,4
0.07319516473153626,0.790357044526579,0.02510848860681064,0.11133930213507416,4
0.05999994680644895,0.6940345930545719,0.11227315022289727,0.1336923099160818,4
0.09808354590131994,0.6271211692189322,0.07250535333058003,0.20228993154916802,4
0.13663956663859728,0.6480593923721112,0.0990091635156919,0.11629187747359945,4
0.10977806523662775,0.6270895991271493,0.11974534827309698,0.14338698736312613,4
0.13546492647314354,0.6072884530747572,0.10259574891225916,0.15465087153984008,4
0.11322574389334945,0.6554509010377169,0.11373006918886747,0.1175932858800663,4
0.1254513020765376,0.5795942574172046,0.1424935910696439,0.15246084943661384,4
0.1241886580009024,0.6542765247083377,0.07526329064956923,0.14627152664119056,4
0.08199763563932966,0.44088045401657056,0.06710055014482057,0.4100213601992792,4
0.10219336636132463,0.6123063696917195,0.08170111019314216,0.2037991537538137,4
0.10784478891752039,0.6343885914515203,0.14986581387522485,0.10790080575573464,4
0.11409145442651486,0.561915508639591,0.11298750651546628,0.21100553041842765,4
0.10908245595213811,0.6820834179097324,0.0881755650434492,0.12065856109468028,4
0.09362320328945396,0.6639666114840483,0.08521227313764272,0.15719791208885497,4
0.10359829182229163,0.5095166616640889,0.12582123910684684,0.26106380740677265,4
0.11543022506747737,0.6585894571812546,0.0892754119646472,0.13670490578662062,4
0.11664682997558312,0.6758811226480899,0.07173262016926062,0.13573942720706617,4
0.10989292012936576,0.6811960404576535,0.07198131672738213,0.13692972268559858,4
0.09587382769625835,0.6463520963019571,0.10128349723146812,0.15649057877031647,4
0.10123457983699596,0.7345664401380485,0.051104547554124906,0.11309443247083054,4
0.10188983764137687,0.7469927803827946,0.06485831795322049,0.08625906402260786,4
0.12760662058165906,0.5919259562299536,0.09980839490979354,0.18065902827859376,4
0.104645464428465,0.6893055518623423,0.11002602064143,0.09602296306776269,4
0.10872910288579107,0.6202716099267761,0.10851526561351146,0.16248402157392128,4
0.11569308414228072,0.6642158003141737,0.11444612519557673,0.10564499034796883,4
0.08909425662728601,0.7069801066306255,0.08865999994781354,0.11526563679427482,4
0.12185931484051904,0.6410690972781974,0.12802244532726847,0.10904914255401471,4
0.07286351679968457,0.729260563168548,0.062411049641963284,0.13546487038980398,4
0.10274898733335765,0.6667266768272238,0.1288194581300091,0.10170487770940952,4
0.10506476090587183,0.6426301591273991,0.11840168269152744,0.13390339727520195,4
0.1205515184071019,0.6149206503288884,0.10816936117829172,0.156358470085718,4
0.09062626547081144,0.4229951058732984,0.05793740182307503,0.4284412268328151,6
0.09704308266575086,0.648885287854888,0.11345683928495463,0.1406147901944066,4
0.08544277519189597,0.6446839319641176,0.08180292391301945,0.18807036893096685,4
0.05965064476200024,0.7261248734675639,0.04547658141189228,0.16874790035854353,4
0.10774589020879352,0.6410140850052763,0.09032187791415447,0.16091814687177572,4
0.14305784836117788,0.5833272605017891,0.1334554679624118,0.14015942317462188,4
0.11299745185405968,0.6685972853922608,0.07607073411069001,0.14233452864298923,4
0.13637098717541446,0.6725880838324511,0.058241881789545084,0.13279904720258928,4
0.10135863066772498,0.6359587446271803,0.13707015992202248,0.12561246478307236,4
0.11335588136833594,0.6221064399550033,0.13636744701660242,0.1281702316600582,4
0.10756135450024293,0.6887874740476705,0.07491621607029782,0.12873495538178872,4
0.11675627279198499,0.6625761239030593,0.0919470199407006,0.12872058336425493,4
0.11135934564173387,0.6886239033438032,0.07920804250086108,0.12080870851360168,4
0.0887591085149081,0.6654391239269213,0.06516992771119977,0.18063183984697004,4
0.11576433457062649,0.6550887673593793,0.07274825913674705,0.15639863893324718,4
0.1166585060422896,0.6370419240084169,0.14108204960524023,0.10521752034405328,4
0.10898527063251955,0.6627098217333315,0.12174160937878957,0.10656329825535965,4
0.09361316082394758,0.6194934503383609,0.16541399147412214,0.12147939736356926,4
0.12163742044391235,0.6296259292538361,0.0907533180737157,0.1579833322285359,4
0.12188974207047752,0.6072494025911809,0.12330291767060884,0.1475579376677326,4
0.09569946975994487,0.5246603887022345,0.13679059036940597,0.24284955116841464,4
0.10308719677262868,0.6558748681024872,0.09993343487481855,0.1411045002500655,4
0.11912492130408349,0.6970033685947009,0.09787770110806106,0.08599400899315456,4
0.1346354470276445,0.6007082484482139,0.07642784544720703,0.18822845907693447,4
0.11455144149438003,0.6802426783510852,0.059962142880839495,0.14524373727369538,4
0.13535772720189393,0.6350269635032567,0.07909578575003784,0.15051952354481168,4
0.08970617383701336,0.6661345391006845,0.05998901921709034,0.18417026784521165,4
0.08844002216298215,0.6724483047286001,0.060143502642029424,0.17896817046638855,4
0.11364032367830719,0.5676130719406083,0.07915996719894479,0.23958663718213996,4
0.11395260954003718,0.6004075320829775,0.14202820638096977,0.14361165199601544,4
0.15910625238657458,0.5849617725893292,0.12390565818026486,0.13202631684383104,4
0.10712669485792188,0.6782328158296186,0.04849051338879449,0.16614997592366512,4
0.11800756525624709,0.7239334068111067,0.0571185812085802,0.10094044672406557,4
0.12174808088201153,0.5919662535350018,0.11925328822338867,0.16703237735959803,4
0.11895874488930001,0.6616453656719308,0.0765017424982975,0.1428941469404716,4
0.11371665002073819,0.619861924170372,0.11020155937426825,0.15621986643462146,4
0.12078960974851304,0.6307964566067663,0.0919821243804661,0.15643180926425468,4
0.13731212931675946,0.6129903680413344,0.13799371599858234,0.11170378664332377,4
0.1015338202737621,0.5431672579139442,0.08529896030871575,0.2699999615035779,4
0.09702450918431045,0.6852168318011767,0.10846101488088462,0.10929764413362844,4
0.10517749066788779,0.6476298122115925,0.1186107226573291,0.12858197446319067,4
0.13575988284626703,0.6464628633540207,0.08515723515487052,0.13262001864484163,4
0.12497537817196203,0.6357600284145691,0.10210865487094153,0.13715593854252744,4
0.11104712153703357,0.658880946899991,0.08742169071129477,0.14265024085168057,4
0.24836481541003771,0.4628438516301834,0.14344235607734876,0.1453489768824303,5
0.13682136643848936,0.6508731587714649,0.07845252459850319,0.1338529501915425,4
0.12095592672503518,0.6601479674488593,0.10188516125669486,0.11701094456941064,4
0.1234669459688733,0.6148909767338213,0.12388528811247662,0.13775678918482875,4
0.11722430517117638,0.7031764139141952,0.07771935296923616,0.10187992794539248,4
0.14298651390677494,0.6328220871383698,0.11116297327848237,0.11302842567637272,4
0.10567113066262075,0.6785562366339165,0.10989187559153812,0.1058807571119245,4
0.10644126594088209,0.6621721928131603,0.1422450526017981,0.08914148864415966,4
0.15510304706240238,0.6337174716876479,0.07282056378436193,0.1383589174655878,4
0.1413721061653491,0.5966570429055311,0.10654338961141813,0.15542746131770144,4
0.09459994088319575,0.6308271055400521,0.08798027930675797,0.18659267426999412,4
0.1413742118116384,0.5983819451602791,0.12565756825809837,0.13458627476998408,4
0.1245265604227733,0.6185436894765627,0.11345455694429915,0.1434751931563647,4
0.12826614015206034,0.5992184301566401,0.11320815894633658,0.15930727074496295,4
0.2094466584882969,0.39138765130907127,0.08667985236817392,0.31248583783445794,5
0.09024718446452465,0.6759327393574169,0.11611515929337811,0.1177049168846803,4
0.0760593855966083,0.6804829358689524,0.1064344221501436,0.13702325638429572,4
0.1096573516108983,0.6340333935352718,0.1287920589156244,0.12751719593820574,4
0.13083146436186102,0.6473521678932321,0.12147017735754721,0.10034619038735955,4
0.08590750789883937,0.7327083144254712,0.06144687426188294,0.11993730341380653,4
0.08401465667946728,0.714028491001223,0.08990391616949829,0.11205293614981147,4
0.12341585318538488,0.6150353162780816,0.13142778596844795,0.13012104456808554,4
0.1244438948738437,0.5587078582025978,0.08814780926548588,0.22870043765807263,4
0.07849538678407099,0.6982688770863074,0.09889470280307078,0.12434103332655082,4
0.09422399422282886,0.6249494196764632,0.12319878938479822,0.15762779671590962,4
0.11015071332652343,0.5891132047371398,0.13199698261778872,0.1687390993185481,4
0.10919766153222198,0.6321079064541213,0.1265558832660616,0.13213854874759506,4
0.10335524962121555,0.7328687371973266,0.03991396942937932,0.12386204375207854,4
0.09055657878719033,0.6335865025541707,0.04734709850323855,0.22850982015540025,4
0.10254852272326802,0.6384943813193676,0.12626663031046834,0.1326904656468959,4
0.1465700945627622,0.5916115715960663,0.1548850539663475,0.10693327987482393,4
0.1347929653925318,0.6272342976648703,0.07762726971410565,0.1603454672284918,4
0.11128052680712562,0.7225668453032367,0.058074470469516686,0.10807815742012074,4
0.1330111577401639,0.6263649450262725,0.1349612060249351,0.10566269120862842,4
0.09576641060438656,0.6715720270352706,0.08082990797060649,0.1518316543897364,4
0.1030689717448779,0.6287042594464021,0.07733130320489344,0.1908954656038265,4
0.13523573825187804,0.6737636422939803,0.08087451281345358,0.11012610664068813,4
0.075007276864862,0.6491778787333851,0.07992900421819359,0.19588584018355923,4
0.12673830539962588,0.6140034138639887,0.13656655168025195,0.1226917290561332,4
0.15465270074232135,0.5322337803872427,0.11213443455888432,0.20097908431155181,4
0.08330786032007456,0.798958479666278,0.025745577107932262,0.09198808290571521,4
0.18381466717772965,0.6433839815635329,0.050029820644238665,0.12277153061449853,4
0.07893747530448852,0.7602873154068734,0.03902105167254415,0.12175415761609383,4
0.11148833087050974,0.6643135843301151,0.07908341725437242,0.1451146675450024,4
0.1388935925132339,0.613367811789726,0.0843179324765866,0.16342066322045332,4
0.12880719387478307,0.6214593839525031,0.08294360740021418,0.16678981477249902,4
0.13729292473784732,0.6573365384060361,0.11498486715419808,0.09038566970191846,4
0.12914545497048943,0.654606151860098,0.05404819393501626,0.16220019923439624,4
0.1367816096338467,0.6639639507881916,0.10069105526139209,0.09856338431656954,4
0.122324663572101,0.5727964281324911,0.1022837436359809,0.20259516465942704,4
0.11134648386972763,0.6407227785840306,0.12273641761257682,0.12519431993366503,4
0.0985676660933971,0.36362751814310285,0.042117861595846205,0.49568695416765357,4
0.052856771886502105,0.7227524741511252,0.0334697413352555,0.19092101262711705,4
0.1829598609440861,0.5004388111702979,0.08204316551165053,0.23455816237396535,4
0.072426472923714,0.39077767091567217,0.04523186918588645,0.4915639869747272,4
0.4098579825238873,0.3372204234852014,0.07501310225177474,0.17790849173913642,5
0.3474892461626062,0.41910598933013826,0.12621345605958342,0.1071913084476721,5
0.3396491097509069,0.3470016443018718,0.11416000621410127,0.19918923973312003,5
0.30375707864115825,0.3893340184626208,0.1061206168298227,0.20078828606639854,5
0.33102469061875495,0.37789034994195325,0.1068031684965752,0.18428179094271657,5
0.28467131444764593,0.4461928064290277,0.12177098379340089,0.14736489532992572,5
0.3981313429127174,0.3532618685651431,0.08966451828167493,0.15894227024046464,5
0.22067582272433606,0.19856457371901082,0.04833517262358962,0.5324244309330634,5
0.4200106603386307,0.33967678407695606,0.051557144142411145,0.188755411442002,5
0.3372925807924367,0.35298018721205593,0.09953363619079775,0.21019359580470967,5
0.276566614870555,0.4756975681888677,0.12075394382966032,0.12698187311091672,5
0.32868306341666764,0.4474711724573377,0.07293553991048887,0.1509102242155057,5
0.6133596763461483,0.2330881446232786,0.09650915933118613,0.057043019699386875,5
0.32166163955688354,0.4289212171244642,0.10015326054662718,0.149263882772025,5
0.30089181426107986,0.3956485701689862,0.08943645448867758,0.2140231610812562,5
0.5002112336265555,0.33495498812363506,0.07415745589973981,0.09067632235006978,5
0.3742656798221429,0.3864116038177598,0.1227848765291271,0.11653783983097002,5
0.3532595321517964,0.30801435111140385,0.0896932007793593,0.24903291595744048,5
0.2949770184058004,0.4726736331180395,0.057502474182940556,0.17484687429321943,5
0.33453055803785214,0.4739252406948691,0.07575226111426274,0.1157919401530157,5
0.3137950814343867,0.4465422375410827,0.069245916491905,0.17041676453262555,5
0.22635810231451373,0.5067048553819617,0.09821003864787523,0.16872700365564927,5
0.38632810111940524,0.4275613875222724,0.09299560254430511,0.09311490881401706,5
0.25801194955986667,0.4923511813094014,0.08081593902318003,0.16882093010755192,5
0.31395849241756374,0.43625914121981474,0.0831478082452968,0.16663455811732483,5
0.2894175581558952,0.4544313969427216,0.13469274788504945,0.12145829701633366,5
0.32629776271022115,0.39534630380216623,0.1540526536916415,0.12430327979597097,5
0.26727282898242005,0.4298812977121728,0.11906619650330579,0.18377967680210125,5
0.3594943802124387,0.4308815906962012,0.0831075740668763,0.12651645502448372,5
0.3753354485344825,0.3622676657868141,0.09415363895914058,0.16824324671956303,5
0.32061572451752635,0.42102623018662005,0.11327474405112455,0.145083301244729,5
0.38907587694466506,0.4019815221106696,0.057137704189110704,0.1518048967555546,5
0.4491615051131246,0.3196403710540933,0.12514294601022774,0.10605517782255439,5
0.2779417792712211,0.4335114704360998,0.1424078834366555,0.1461388668560238,5
0.2888241056813122,0.45293935714621636,0.12810359007378364,0.1301329470986878,5
0.24266649592631587,0.2510730554043869,0.10929857419665295,0.3969618744726443,5
0.3391470153458708,0.45401665137634784,0.05472777056690129,0.15210856271088,5
0.2590730503244306,0.45303597732763023,0.15854223663117112,0.1293487357167677,5
0.3923009473618541,0.34683487737801455,0.12104557966817861,0.13981859559195278,5
0.318290619757288,0.3941442909888084,0.12925114706499674,0.1583139421889071,5
0.28480086772143953,0.44107911999968175,0.07529847655989555,0.19882153571898303,5
0.33828148842524075,0.3998587415776244,0.13933273316948372,0.12252703682765104,5
0.27229604223379844,0.17480022889956118,0.05489060117088154,0.4980131276957587,5
0.2734434955305191,0.38573869327833066,0.11252221628622011,0.22829559490493007,5
0.3527168951093429,0.262512278547514,0.0566066230029923,0.3281642033401507,5
0.11435152934876038,0.3187438425928163,0.054634323337849025,0.5122703047205742,6
0.09953522249748262,0.3082429045078917,0.09991683249225675,0.492305040502369,6
0.12049713576795834,0.4322571522481915,0.13751997976298078,0.3097257322208696,6
0.09925257341968065,0.4290351481755258,0.08934114289736884,0.3823711355074245,6
0.0641994808508401,0.297908055154137,0.06148846492775083,0.5764039990672719,6
0.11547118674391164,0.3842300164348884,0.04234755934365887,0.4579512374775411,6
0.0921241933674925,0.46361451253495417,0.07453501348596749,0.36972628061158563,6
0.10247836474621325,0.4911512863071743,0.09105597701241407,0.3153143719341986,6
0.11901014127589454,0.444071496912489,0.15484542635610882,0.2820729354555075,6
0.07786935190764532,0.42596392734835103,0.042908666662804795,0.4532580540811987,6
0.07383740898273139,0.3827998662430077,0.072907215726002,0.47045550904825884,6
0.06624375216806397,0.262269252781101,0.048427203650640696,0.6230597914001943,6
0.08490289107535795,0.4754639821164569,0.07221804878596454,0.3674150780222206,6
0.09298235622454286,0.43456086943929834,0.08589377004990409,0.3865630042862548,6
0.06887108365971183,0.48139241064597116,0.09652830452236427,0.35320820117195245,6
0.09217290468905891,0.36775928901600474,0.12266674459751667,0.41740106169741975,6
0.05712900535153445,0.3335362008749845,0.0847666264095001,0.5245681673639808,6
0.10475437190939715,0.38841063832154216,0.09484789958809915,0.4119870901809612,6
0.1254019749305656,0.4528051604134058,0.11239283182495312,0.3094000328310754,6
0.11777638471036454,0.3568685146348593,0.10938916619291401,0.4159659344618621,6
0.07561232271380001,0.3199643242266736,0.14291046765571538,0.46151288540381097,6
0.07561232271380001,0.3199643242266736,0.14291046765571538,0.46151288540381097,1
0.07561232271380001,0.3199643242266736,0.14291046765571538,0.46151288540381097,6
0.07561232271380001,0.3199643242266736,0.14291046765571538,0.46151288540381097,6
0.11186160497070789,0.3582813361727516,0.17709259941542613,0.35276445944111434,6
0.07546487890190876,0.448564694968537,0.07573499775365486,0.4002354283758994,6
0.1859010402417599,0.4221488450024623,0.07998431640921697,0.3119657983465607,6
0.13559965615203629,0.34836113306775546,0.06196103956817198,0.45407817121203636,6
0.11382376062856764,0.3886553515655803,0.1396149606731517,0.3579059271327002,6
0.10216598300822677,0.3426081432365115,0.07092688674804858,0.484298987007213,6
0.10831214851084327,0.3489817307764302,0.1136329726014722,0.429073148111254,6
0.09699584232737106,0.284616627139811,0.06653683083564627,0.5518506996971714,6
0.09699584232737106,0.284616627139811,0.06653683083564627,0.5518506996971714,6
0.06801535379136209,0.33487357118961597,0.07598358819649254,0.5211274868225293,6
0.36972011446823994,0.35437939047955475,0.051813737409837954,0.2240867576423674,5
0.10457188117636593,0.44880700862780404,0.15098669878908486,0.2956344114067451,6
0.2707286195390527,0.4421930078901725,0.09943510086058713,0.18764327171018746,5
0.09823803341112657,0.42151418884838815,0.06548819751595251,0.4147595802245326,6
0.09298967180823542,0.38582296347352957,0.05493234199554232,0.4662550227226926,6
0.10417154889277137,0.4112089954348734,0.11764120117807117,0.3669782544942842,6
0.1184109562127892,0.481321186056512,0.14379610200503326,0.25647175572566544,6
0.11340254356037227,0.408656715610508,0.13818012672412627,0.3397606141049934,6
0.05554396414521909,0.285451955045939,0.05961413944211603,0.5993899413667257,6
0.11196417910056625,0.37438355924089645,0.09349274273829071,0.42015951892024667,6
0.09951610113095137,0.5418083318947133,0.09255210020699071,0.2661234667673446,6
0.10959844246123693,0.45318072776994645,0.07860827996641537,0.3586125498024012,6
0.08200249218915849,0.2795543948987427,0.10612592697161734,0.5323171859404814,6
0.10693832917929749,0.43337721464086937,0.13362056540880293,0.32606389077103015,6
0.12284487530245047,0.4309140667890263,0.12611194964580047,0.32012910826272295,6
0.12559122760914493,0.45972321805434385,0.13586414107211348,0.27882141326439763,6
0.11472942005972989,0.4473352140422508,0.1055161764745504,0.33241918942346876,6
0.0967794988231712,0.3747860152732886,0.08165606859683852,0.4467784173067015,6
0.08232098909080574,0.15831498052576712,0.0628594967395778,0.6965045336438493,6
0.13057595798791274,0.4179940368730281,0.12054485701801472,0.33088514812104447,6
0.10432884321144836,0.3847331184472225,0.1167849109394684,0.3941531274018607,6
0.1059835353365878,0.45480511999599094,0.11809156737464627,0.32111977729277497,6
0.11718320103857136,0.45002636189556355,0.1239089617420384,0.30888147532382665,6
0.11004754482833567,0.4014182513627339,0.10556866156978435,0.38296554223914614,6
0.0841272589038202,0.3369916972783797,0.10703898395662957,0.47184205986117045,6
0.11490153775113394,0.36956198516751737,0.1148214434514906,0.4007150336298581,6
0.13902369658760919,0.4268951420287105,0.14018954879542628,0.2938916125882542,6
0.11113579060281022,0.31908765677570233,0.07849132707435201,0.4912852255471353,6
0.1160066223362249,0.4023524373054714,0.14210826005129465,0.33953268030700917,6
0.09940638591566778,0.4184315918972445,0.14274658200363416,0.3394154401834537,6
0.07423894402939517,0.410938165890414,0.08562542297946592,0.42919746710072476,6
0.08601552934413391,0.38670956741979,0.06823268045961565,0.45904222277646023,6
0.1395926779050102,0.4691641436217915,0.07267225845397,0.31857092001922843,6
0.12396064013876468,0.4492563479596951,0.11717520635819624,0.30960780554334383,6
0.11186821822742822,0.430749862028879,0.05907348092239242,0.39830843882130074,6
0.11981314006697578,0.41462285940328025,0.093396271642709,0.37216772888703487,6
0.12031910450167481,0.4523424583519065,0.1424822719406283,0.28485616520579055,6
0.0963841672491639,0.42120918254327167,0.12016743401205109,0.36223921619551336,6
0.08162217271783535,0.16537070919375949,0.04743345070267095,0.7055736673857342,6
0.3813464291149042,0.22938353883854315,0.06099516276799779,0.3282748692785548,5
0.07265941360862373,0.10959971792685382,0.03638937574073791,0.7813514927237845,6
0.06219989696348631,0.5518780509807292,0.03180808905481468,0.35411396300096987,4
0.30543571711044004,0.3618761815077,0.14153723105600557,0.1911508703258548,5
0.28397053192100596,0.14519379733958504,0.060831827209554865,0.510003843529854,5
0.146140367629208,0.32707489064011136,0.08794535458355147,0.43883938714712895,6
0.06593622085061412,0.35924264724562743,0.11652403315398475,0.4582970987497736,4
0.06593912101115637,0.13104773498461034,0.037130006191381765,0.7658831378128516,6
0.07791172052446349,0.19621757452626967,0.036476762588368745,0.6893939423608979,6
0.07142063866003304,0.2955224282369378,0.03775275281661013,0.5953041802864191,4
0.07712594337907043,0.13581023561599898,0.03198899513136758,0.755074825873563,6
0.09133581693036351,0.16789238529733103,0.03468686671409243,0.7060849310582129,6
0.07593453412720155,0.12117527503132636,0.04167391318377471,0.7612162776576974,6
0.2466311163246113,0.20644479169315633,0.055105402589259576,0.49181868939297274,5
0.10516990162459815,0.3930220958029263,0.06364289688358224,0.4381651056888931,4
0.08674994086749407,0.28461704341392335,0.05480514828680555,0.573827867431777,6
0.3950086909482077,0.3565845954229116,0.09505788870690798,0.15334882492197308,5
0.06341785925802525,0.18694746883826452,0.0766661226612233,0.672968549242487,6
0.0912495309151223,0.1876583435633199,0.046217657017115374,0.6748744685044422,6
0.08188267352370239,0.15231853998378533,0.060639188639209536,0.7051595978533027,6
0.08611029542550741,0.3270936441713926,0.049067811706465694,0.5377282486966344,4
0.0534407931097255,0.13216636986636462,0.04032990941726989,0.7740629276066398,6
0.07048223052861781,0.3669374347874547,0.03269695257756692,0.5298833821063605,4
0.10402151343565826,0.3503893197833168,0.09479511897586117,0.45079404780516374,6
0.09132573672660918,0.322389696568677,0.050280465743319167,0.5360041009613945,4
0.17307849727311878,0.15829886147797728,0.02500011058738429,0.6436225306615195,5
0.057974256666008195,0.10622457824944301,0.0421110733379497,0.7936900917465992,6
0.4217357141476723,0.1553224653600819,0.044403714624532215,0.37853810586771347,5
0.07068862011509114,0.11892402155793162,0.06061304351735753,0.7497743148096199,6
0.06054184975184153,0.1567318547958002,0.02850339856351853,0.7542228968888398,6
0.05548261864564318,0.12952019046841612,0.05582256003967745,0.7591746308462632,6
0.05957845915457987,0.20884747254974603,0.026337646990899792,0.7052364213047744,6
0.06380857912454867,0.1131483010992915,0.04794529046103445,0.7750978293151252,6
0.07623789735687814,0.14625316496530022,0.029767844272873482,0.7477410934049479,6
0.06211619097746936,0.15977875122976345,0.033049340182807356,0.7450557176099597,6
0.07555489944663506,0.1006677759939744,0.02562300627789557,0.798154318281495,6
0.05819879705655665,0.12454887702335594,0.0325095390683324,0.7847427868517549,6
0.0848787871467964,0.12277151685509859,0.037667100060516615,0.7546825959375885,6
0.0867315876780916,0.3657515936919226,0.04093085112774038,0.5065859675022453,4
0.12248006903331826,0.37305945949886327,0.04292088397859401,0.4615395874892244,4
0.09840690493075399,0.1375412632973857,0.04528603696470196,0.7187657948071584,6
0.3127532012800122,0.3815389068288653,0.0751034582641964,0.23060443362692595,5
0.0956166095451317,0.19518051854022458,0.0647858344035065,0.6444170375111372,6
0.07604363692344432,0.5469679023121874,0.04414834787879194,0.3328401128855763,4
0.2883015700884927,0.18763298894694577,0.07486800970823235,0.4491974312563291,5
0.09395211840832933,0.16913836290127274,0.06615373360652302,0.6707557850838747,6
0.07414744420825828,0.1472371265337271,0.04927485162254831,0.7293405776354663,6
0.10489545905056598,0.1523828085671676,0.04767209669917228,0.6950496356830942,6
0.10013002944917958,0.47894694962315226,0.0679135343425385,0.3530094865851295,4
0.11681296650070319,0.16857885779303566,0.06839806271303227,0.6462101129932288,6
0.0841035393257728,0.13329633544776948,0.03392129131777504,0.7486788339086827,6
0.08471048846414801,0.16033238924983478,0.03228972566401777,0.7226673966219996,6
0.08133389701094372,0.17916275694896663,0.03711161451627488,0.702391731523815,6
0.24726176810948255,0.1304543299489564,0.03386981920354397,0.5884140827380171,5
0.08868555263581453,0.18024770873972223,0.03924028399284259,0.6918264546316207,6
0.06808449143025107,0.08101392813407221,0.029041024121051272,0.8218605563146255,6
0.07297101619209222,0.16040870062820717,0.024901865212900495,0.7417184179668002,6
0.06873812049147285,0.1401899537979307,0.04626493293194497,0.7448069927786517,6
0.08966408831609177,0.1462100926307138,0.07644248954303244,0.6876833295101619,6
0.21514525395538456,0.3118955673553784,0.03714054741468846,0.4358186312745484,5
0.27657113161230124,0.15196176383344676,0.055934224653851054,0.5155328799004009,5
0.08795984388232149,0.1949899829788278,0.077858962194893,0.6391912109439579,6
0.0712948379830096,0.15258005805823374,0.043988658635440984,0.7321364453233157,6
0.07264385202592862,0.19467443402160134,0.039026777437969326,0.6936549365145007,6
0.07304988021845868,0.12388047983313483,0.0326673849499205,0.770402254998486,6
0.07245061264877324,0.14556525726374975,0.04226162429693642,0.7397225057905406,6
0.109517302155715,0.47479490328616236,0.03431169329451856,0.38137610126360405,4
0.4062461978272396,0.34028600169324946,0.1349662075588453,0.11850159292066574,5
0.09915841052453983,0.13775388060956623,0.0487810463294137,0.7143066625364803,6
0.06455297364069948,0.23721486957529067,0.04807713246298395,0.650155024321026,6
0.06057193758427418,0.11295400665834081,0.049816299925545766,0.7766577558318392,6
0.09110733478982454,0.1317518766799668,0.028657013871061728,0.7484837746591471,6
0.07291576846074661,0.1490958254877548,0.033453165185544094,0.7445352408659546,6
0.07317833779719858,0.15713684231281333,0.04538390522017425,0.724300914669814,6
0.0941282521855317,0.17124287272150981,0.03244827819519935,0.7021805968977589,6
0.06044352524153037,0.09783049955410286,0.048546788920258536,0.7931791862841082,6
0.0751685158860654,0.1966232845795265,0.02691694647395704,0.7012912530604509,6
0.06163576718963954,0.12272394556996419,0.035212778663561574,0.7804275085768348,6
0.0686548779240833,0.1668903959590547,0.0392015328363215,0.7252531932805405,6
0.11422084182269907,0.20313881980108262,0.10704733322164031,0.575593005154578,6
0.4440896828446208,0.16293479655782447,0.04313579873368199,0.3498397218638727,5
0.1033650032028544,0.22704618318432548,0.07088409279694005,0.59870472081588,6
0.0953783448234409,0.1974007311299193,0.08062512550991328,0.6265957985367263,6
0.08230314036304177,0.18057967489268814,0.07713286602575053,0.6599843187185194,6
0.12425076467917594,0.4282922467324862,0.14708002942179166,0.3003769591665465,6
0.0981214399202201,0.560084226988339,0.11491722944535598,0.22687710364608454,4
0.07575474542477664,0.12981445807975542,0.028745379934157416,0.7656854165613106,6
0.0823891204587993,0.12731400307583177,0.030258294667534123,0.7600385817978349,6
0.06775535076576356,0.12571180319480318,0.035502819452423166,0.77103002658701,6
0.05583993862173516,0.09800921017595132,0.028266856023838684,0.817883995178475,6
0.05776545374662258,0.10138883811305309,0.0292415751970745,0.81160413294325,6
0.05873848934637285,0.10163239858174843,0.028266856023838684,0.8113622560480401,6
0.2588346600567882,0.18393106365677778,0.033366209319533845,0.5238680669669001,5
0.08951192045743193,0.1989118531676065,0.045195782214509934,0.6663804441604517,6
0.05365238499758431,0.08760381989476981,0.0451514463340931,0.8135923487735527,6
0.05398851428887363,0.08863973652098811,0.06755360203016059,0.7898181471599777,6
0.06777438360330156,0.17652278413752723,0.04033088653325219,0.7153719457259189,6
0.22929836704611167,0.15954608768849526,0.04491394726278793,0.5662415980026051,5
0.29855224872171127,0.38712388623605537,0.09166766529885637,0.22265619974337697,5
0.06132801691143981,0.11052451133964794,0.04273300833004321,0.7854144634188691,6
0.06132801691143981,0.11052451133964794,0.05135369798521562,0.7767937737636966,6
0.06880543180633546,0.13552669819629223,0.04429526740408391,0.7513726025932885,6
0.07294473364824665,0.18806548659207628,0.03840908618472864,0.7005806935749486,6
0.3065771885282215,0.14727678011693143,0.02659755805071667,0.5195484733041303,5
0.07951100851572897,0.15932234429056846,0.03980652091094461,0.7213601262827581,6
0.08354504639364731,0.15959204535294816,0.061286844963425194,0.6955760632899793,6
0.07826537903614002,0.12669830922880834,0.041305000882535484,0.7537313108525161,6
0.06400258268437141,0.18666198544604312,0.0321488571607148,0.7171865747088707,6
0.061733350204834704,0.11750144155735914,0.0495300919010296,0.7712351163367765,6
0.09608527982866338,0.1975834005295944,0.030677067126022403,0.6756542525157199,6
0.08368512138847961,0.12520170817581666,0.03635350556818589,0.754759664867518,6
0.0893712250814295,0.1313447614508067,0.048343455966451045,0.7309405575013128,6
0.07196572091271798,0.13759130293629188,0.05080967372150227,0.7396333024294879,6
0.10959866144273611,0.2520406088256687,0.14219107704121323,0.496169652690382,6
0.06938985106969352,0.10895426096697734,0.04350536379301464,0.7781505241703144,6
0.061656037692722265,0.14563499807923208,0.03359816932248025,0.7591107949055653,6
0.07403473235109885,0.1791745400226961,0.04054441510438652,0.7062463125218186,6
0.08984647885793745,0.3953501230705846,0.0939553273331621,0.420848070738316,6
0.07255027422959656,0.1243149755944625,0.03839000800623861,0.7647447421697025,6
0.06189975915472381,0.10421139498727393,0.034116532443705785,0.7997723134142964,6
0.07913158504006106,0.11196541334065618,0.03161629305530614,0.7772867085639767,6
0.07637783120320824,0.43125679579526977,0.11238948891626796,0.3799758840852541,6
0.07944673655521256,0.11253511031035317,0.03388295972197281,0.7741351934124616,6
0.08361340322187923,0.12781288808813093,0.04499407083308391,0.7435796378569061,6
0.06768458173864923,0.12158810019538226,0.039226382212696934,0.7715009358532717,6
0.06286341851143461,0.1451740217149871,0.02932741719632595,0.7626351425772524,6
0.05950107076153174,0.14036159279990945,0.03248700609741744,0.7676503303411413,6
0.06257687890896357,0.11683388809001992,0.0327720572759694,0.7878171757250472,6
0.25203264580209783,0.2017564446172708,0.06367017487270613,0.4825407347079252,5
0.060184209047356246,0.10996542774737794,0.05737241517299569,0.7724779480322701,6
0.07761535219269015,0.13789400545561747,0.039857211552316925,0.7446334307993756,6
0.09321923049911494,0.12385168039086479,0.04475128016345982,0.7381778089465603,6
0.08522290091894894,0.13295751754571122,0.029722041128590906,0.7520975404067488,6
0.05941239626186454,0.12266188637010302,0.03357294894512452,0.7843527684229079,6
0.06562777191654022,0.10783545931014198,0.03136024889609117,0.7951765198772267,6
0.06703657954993536,0.12010625767555394,0.04510768511798042,0.7677494776565303,6
0.0722011028720262,0.13425787256993207,0.03416595190417406,0.7593750726538677,6
0.32423966056368,0.17070362987347612,0.028708289983108346,0.47634841957973545,5
0.06905147571743953,0.1580498527906954,0.03172736919449187,0.7411713022973733,6
0.061039528760722946,0.11660194870333564,0.03858223816762181,0.7837762843683196,6
0.09211573606032074,0.21470948792395564,0.07837707373870134,0.6147977022770221,6
0.10285992947375552,0.13177512153742718,0.025177597149915625,0.7401873518389018,6
0.07465605880898436,0.16634298200711137,0.030816976851856984,0.7281839823320473,6
0.08265540356895985,0.13595175517317942,0.033646655821606454,0.7477461854362545,6
0.06221069959797408,0.12290507529690159,0.029087572339952485,0.7857966527651717,6
0.0646986891905324,0.10791551449376544,0.04233292768205616,0.785052868633646,6
0.06106770322020747,0.10986934430396082,0.037432532832416425,0.7916304196434152,6
0.06850419506614974,0.1326878237305418,0.03643942582427853,0.76236855537903,6
0.397051186629288,0.271778016331234,0.06620695067752398,0.264963846361954,5
0.0769000054941616,0.11725165392409925,0.03764945821229114,0.7681988823694482,6
0.06762058860192945,0.11122020817243353,0.038798419995760496,0.7823607832298767,6
0.06522108478955825,0.11571690145219102,0.03528319580551987,0.7837788179527309,6
0.0672867940163928,0.1188646488454627,0.03528319580551987,0.7785653613326247,6
0.06668452633472502,0.11908215093676566,0.03748839554336486,0.7767449271851445,6
0.06053368806883004,0.14213930351136775,0.02741894121590455,0.7699080672038977,6
0.060398080349439005,0.11386730145468045,0.02930990267907038,0.7964247155168102,6
0.08717527290417428,0.37060141913175565,0.10762936358747273,0.43459394437659743,6
0.07057162993903159,0.1976389616842643,0.061752915644903004,0.6700364927318011,6
0.0687563428309387,0.14341166047832274,0.04630630099025302,0.7415256957004855,6
0.1721492886514944,0.4250771185016095,0.10637661357150004,0.29639697927539593,6
0.1224995402052163,0.5548366776068219,0.1253246586276395,0.19733912356032235,4
0.07250500949431916,0.15349648129745527,0.04241566508777153,0.7315828441204539,6
0.06341127283365021,0.1494958559269239,0.06395226412403944,0.7231406071153867,6
0.06418129218033941,0.08591389508274253,0.03358692990261031,0.8163178828343078,6
0.09027284287885137,0.1770239837702622,0.04372862394096765,0.6889745494099186,6
0.057567706894868405,0.16763254415234666,0.029802652298914538,0.7449970966538706,6
0.05751332442623832,0.1781169498659469,0.03200017821275769,0.7323695474950572,6
0.08693630005406601,0.3141353919810957,0.05521656618535125,0.543711741779487,4
0.0646200278591238,0.11417078763978793,0.07133205628140613,0.7498771282196822,6
0.0628961564356183,0.12673187743618852,0.07177911571041115,0.738592850417782,6
0.08590763535594613,0.31947522583483307,0.029603909930903942,0.5650132288783168,4
0.07232133159075482,0.4964719919789856,0.05296431810142201,0.37824235832883774,4
0.06701182637482167,0.18318824480243007,0.03469505142168867,0.7151048774010598,6
0.0614296890830715,0.17123694869733896,0.044883549907716154,0.7224498123118733,6
0.2680464792748132,0.2146129783004882,0.03580160233369602,0.48153894009100257,5
0.10528009700035151,0.13938028096803293,0.03327778882859728,0.7220618332030184,6
0.10494966316683194,0.13699693681633943,0.033274296341334254,0.7247791036754946,6
0.1044839980374419,0.13930311076313726,0.0345387526908398,0.7216741385085812,6
0.08530133921845955,0.1157763351160019,0.030782058389710695,0.768140267275828,6
0.08780227217821865,0.12948525378895903,0.029044922002082054,0.7536675520307404,6
0.10824145976343234,0.12886035383436018,0.032117957664488654,0.7307802287377188,6
0.20768952775616892,0.1416476562809721,0.02930991943776141,0.6213528965250976,5
0.062120777680050025,0.1586337472033241,0.0530623907560542,0.7261830843605718,6
0.08683181222569411,0.15999179445291942,0.06799696718111937,0.6851794261402671,6
0.07061330591017215,0.12732304816989687,0.043036261738704985,0.7590273841812261,6
0.06672437837705363,0.0829536273041624,0.030757930722419436,0.8195640635963646,6
0.07337550447991144,0.1460596214925537,0.035756748148886026,0.7448081258786489,6
0.07545202743023921,0.19216560003386712,0.04304376282120167,0.6893386097146919,6
0.06519393102843286,0.12282106849583731,0.04064967354482115,0.7713353269309086,6
0.07235907330982361,0.11760344514588143,0.04462163744269927,0.7654158441015957,6
0.08344060414382415,0.14694874617638182,0.06958289098503535,0.7000277586947586,6
0.18338985572757896,0.16097720484388184,0.04553943118117701,0.6100935082473622,5
0.04861346256663789,0.1506803823902998,0.04057224661175931,0.7601339084313032,6
0.0672307680325983,0.127647855799082,0.037764493361900964,0.767356882806419,6
0.07454950106287488,0.14562527408801226,0.043444744173210564,0.7363804806759023,6
0.05978024738487301,0.0995020342752648,0.047262754823100994,0.7934549635167613,6
0.05023861769816019,0.11062739319028905,0.04003171405290579,0.7991022750586448,6
0.0610912040586758,0.10991936337697188,0.04198379646022212,0.7870056361041304,6
0.07948578418424947,0.10582453965823112,0.03946120870960913,0.7752284674479104,6
0.0719408319981165,0.14589712652168876,0.046792908380944014,0.7353691330992507,6
0.06227238044949365,0.12016672311581951,0.02337573617048537,0.7941851602642015,6
0.09831084881692613,0.17437760281336484,0.030435567330825437,0.6968759810388837,6
0.07907166279100505,0.14074916460619125,0.03342485193874838,0.7467543206640556,6
0.058704807308569376,0.12955513347004405,0.025546260154921254,0.7861937990664654,6
0.18312419747278483,0.16041570372885436,0.040776760502294535,0.6156833382960664,5
0.1001312716544798,0.12415969813631883,0.06973422163395797,0.7059748085752435,6
0.07545557370043464,0.1430058011251922,0.032381914642042535,0.7491567105323306,6
0.08426112096962711,0.11782091963508996,0.03572621839976766,0.7621917409955153,6
0.0829822549711171,0.15863880674648503,0.02749035245196867,0.7308885858304296,6
0.07563557161461117,0.1593459723493421,0.04198997264128289,0.723028483394764,6
0.06834418228508474,0.13918339476610136,0.037734909930009254,0.7547375130188048,6
0.10811483644505106,0.22518995849816825,0.03657069401167409,0.6301245110451066,6
0.08832569658894945,0.17080079161879919,0.03712284537122834,0.7037506664210231,6
0.12306848199209235,0.6718313858253586,0.0681373470040905,0.13696278517845858,4
0.06627221847686143,0.15957181942750678,0.02579634404349065,0.748359618052141,6
0.07113652021413251,0.1140567758286657,0.05291594565800003,0.7618907582992017,6
0.23653579126177876,0.2024658742129803,0.048840858913749154,0.5121574756114918,5
0.08478141596369247,0.16395852866984642,0.05417408683921695,0.6970859685272441,6
0.12187285866554143,0.15511449759085627,0.0341595044854927,0.6888531392581096,6
0.06936452736747464,0.1229193960616238,0.029126686036755535,0.7785893905341459,6
0.060788312854647766,0.15431861997027205,0.03447031008872239,0.7504227570863579,6
0.06261533407138704,0.13099571843957905,0.034105281151354125,0.7722836663376799,6
0.0896937583884089,0.13540653643053174,0.04027958597977315,0.7346201192012863,6
0.0641472701895961,0.1489189551641613,0.041522801665557704,0.7454109729806849,6
0.06561977344672656,0.11256565132308342,0.03862254868100103,0.783192026549189,6
0.06530767172458585,0.13006153218734606,0.033945938089138386,0.7706848579989298,6
0.08142077892367702,0.1508596640047835,0.06587169120716313,0.7018478658643763,6
0.06715062056384757,0.10555439040194921,0.046354640679379916,0.7809403483548232,6
0.27819116425622087,0.13247822907019713,0.0376262945484277,0.5517043121251543,5
0.06448085458139884,0.15032210542453617,0.03653305761011307,0.7486639823839517,6
0.06839615327217516,0.15062524802888955,0.06240334128495897,0.7185752574139763,6
0.06288217566880636,0.14327176306189082,0.04070217880219881,0.7531438824671041,6
0.06583406865939873,0.1404784226224689,0.03461767137038282,0.7590698373477496,6
0.06422300610428502,0.18712528473189854,0.04554369330953186,0.7031080158542846,6
0.0577413821801964,0.16589415108039487,0.029560886094181945,0.7468035806452269,6
0.056335145670127366,0.12164371632581332,0.030280729326127197,0.791740408677932,6
0.06938323134700873,0.14246118736267485,0.045715568928462486,0.742440012361854,6
0.07259360997902581,0.1647522855631998,0.034352453781838294,0.728301650675936,6
0.06863574486187304,0.15586124962265582,0.04039352143654621,0.7351094840789248,6
0.08150284972770167,0.12286796392069675,0.030685460970205764,0.7649437253813959,6
0.06955988397735637,0.13799641507009752,0.04388840071714862,0.7485553002353975,6
0.08636502694959312,0.17491621801097668,0.04962076382577905,0.689097991213651,6
0.0971404982737349,0.18119410133397124,0.06299503649049411,0.6586703639017997,6
0.07538876299527295,0.11854888632658418,0.04987275103188156,0.7561895996462613,6
0.0633095063535992,0.13824920554071418,0.03560188793027518,0.7628394001754114,6
0.06483864266628378,0.13244850719206408,0.03410275984664292,0.768610090295009,6
0.0796573025613297,0.1408908466778209,0.05005923108210011,0.7293926196787492,6
0.06851187819490226,0.11704999272830197,0.0588276945293422,0.7556104345474535,6
0.0635364857780643,0.1615497071187687,0.04488078857232049,0.7300330185308466,6
0.06026117719661438,0.11140468958670266,0.04189616623695658,0.7864379669797265,6
0.07559269643930462,0.13135502893624587,0.050644077019181506,0.7424081976052681,6
0.06777461986735506,0.1300058638597766,0.03709014140938524,0.765129374863483,6
0.08989628962237887,0.12631701944387724,0.04034832033890353,0.7434383705948402,6
0.06425717856245623,0.1388324311516364,0.05031009886241317,0.746600291423494,6
0.07046750165639541,0.13888694498138135,0.03807541382233346,0.7525701395398898,6
0.06556155962115623,0.13620490449751288,0.03136795560715114,0.7668655802741797,6
0.0639780202773141,0.1236349408889183,0.04003105340338602,0.7723559854303815,6
0.06189215268921671,0.1316040657949691,0.03473046524948131,0.7717733162663329,6
0.07149463042112209,0.15917746345319722,0.04854466214999688,0.7207832439756839,6
0.06555744374952124,0.14635179825315356,0.05228189395673926,0.7358088640405859,6
0.0752443682162636,0.13465277923898092,0.04293997834236595,0.7471628742023897,6
0.101625812609584,0.1424518007895269,0.04867854252175801,0.707243844079131,6
0.07277013117829657,0.1459076443081976,0.03659360745716362,0.7447286170563422,6
0.06355707969275409,0.13382179610281758,0.030014998149880963,0.7726061260545475,6
0.05002264664612592,0.11491956012741089,0.02768399581887863,0.8073737974075846,6
0.05301312322273453,0.11039247470217668,0.05216591825627272,0.7844284838188162,6
0.07395948390250114,0.13816749335448908,0.03308659818653147,0.7547864245564784,6
0.053507086608239995,0.13063099846913398,0.04382270538761721,0.772039209535009,6
0.05615704768372411,0.13961340947843123,0.046604547621637134,0.7576249952162077,6
0.05222349173480993,0.1356153509048045,0.04244505194787235,0.7697161054125135,6
0.05222349173480993,0.1262403509048045,0.04244505194787235,0.7790911054125134,6
0.06586701165495278,0.1290514721007742,0.043771406079247975,0.7613101101650251,6
0.07644453274629336,0.3603770393737492,0.07471830318119159,0.4884601246987657,4
0.06773297254728446,0.15362731631788953,0.05762787660267069,0.7210118345321556,6
0.08467782174154759,0.25755192829711543,0.05442252091797466,0.6033477290433624,4
0.061812249126643314,0.1371312095407016,0.057007292015398336,0.7440492493172568,6
0.10285489794027636,0.18321016537323953,0.06805883192969416,0.64587610475679,6
0.07339378185067122,0.14552981718912228,0.0540263441583149,0.7270500568018917,6
0.06862443882712596,0.12464130858324644,0.06370353518002102,0.7430307174096067,6
0.06993694013962728,0.12445230839424626,0.06304203451852035,0.7425687169476062,6
0.09181894443674754,0.19642182025378796,0.06766295260669256,0.6440962827027719,6
0.08097184915412964,0.3200015249728324,0.05265656872302238,0.5463700571500155,4
0.061205692900084145,0.15146770184315564,0.05987232632038461,0.7274542789363757,6
0.07517348965227141,0.16501097901000317,0.059652924748961764,0.7001626065887637,6
0.07592127215326237,0.17276645693975531,0.059334419406296364,0.6919778515006858,6
0.07116258455874244,0.1586038965931775,0.06576868192863848,0.7044648369194417,6
0.07523992405942227,0.14286951999970635,0.03232726357491757,0.749563292365954,6
0.06646330284646439,0.13146784269557762,0.06924404409792992,0.7328248103600281,6
0.08085036658308646,0.16290732792787405,0.05892274365728466,0.6973195618317547,6
0.10970723434139223,0.18917739753787496,0.053607588516769306,0.6475077796039632,6
0.08217548119744514,0.14054984522947847,0.06491648363167092,0.7123581899414054,6
0.07349810815648379,0.1770106339004903,0.055519377865651115,0.6939718800773745,6
0.06202545853382082,0.12608912637109415,0.06948761978685901,0.7423977953082258,6
0.06596704295208297,0.1728863844178043,0.0553611483967919,0.7057854242333208,6
0.06276598557361225,0.15604586849869406,0.07201310645002958,0.7091750394776639,6
0.06352106429837424,0.14559727635953285,0.06590525286768806,0.724976406474405,6
0.053323089806372556,0.12698796177624921,0.059655195938367,0.7600337524790111,6
0.06690557967556193,0.15389216756560248,0.06594026583382523,0.7132619869250105,6
0.05382547116337602,0.11784582067746556,0.05381746025769013,0.7745112479014682,6
0.06554298510838097,0.13698243521553985,0.06965406137265177,0.7278205183034273,6
0.07682025720977809,0.1621678337421264,0.0563287579705945,0.7046831510775008,6
0.08065310151514479,0.14669278413916118,0.061844101075869934,0.710810013269824,6
0.14191372582440295,0.13206446236913888,0.032901945088938754,0.6931198667175197,5
0.062306919546463314,0.13436429771519942,0.027454830596347044,0.7758739521419903,6
0.25017200370624565,0.1272328427038034,0.03795463050266268,0.5846405230872884,5
0.07183616612038778,0.16042925639861935,0.038809134800533246,0.7289254426804596,6
0.12840868644127817,0.2865099498212867,0.09873695828468025,0.4863444054527548,6
0.06459144693557285,0.10007724326455719,0.030320609841145936,0.8050106999587241,6
0.07282688567551042,0.19010545951607324,0.03530887442787728,0.7017587803805391,6
0.0639505908720958,0.12715267844338496,0.07246832006475804,0.736428410619761,6
0.06413253032505066,0.14924411425737716,0.06772573574013441,0.7188976196774379,6
0.13173537045127665,0.18516544798682064,0.08570931848820017,0.5973898630737025,6
0.06837213776782335,0.1336854470948924,0.06591852289759235,0.7320238922396918,6
0.07031523549021335,0.16325432948356952,0.06876255127144372,0.6976678837547734,6
0.05699316076949578,0.13625194505269636,0.06636038368274536,0.7403945104950624,6
0.07567996773464936,0.13477371431482138,0.06535335551384965,0.7241929624366796,6
0.07326758352861777,0.15435957784889054,0.06324518275533836,0.7091276558671533,6
0.06746717336101343,0.20121738105236925,0.04001875044622619,0.6912966951403914,4
0.10449882109853062,0.7203587921593606,0.06158768922243103,0.11355469751967791,4
0.06962182415700069,0.1370422722607637,0.035770241878379065,0.7575656617038568,6
0.056805809791279895,0.10326757015775326,0.03932424394250791,0.8006023761084591,6
0.0649225510081252,0.13354066424541094,0.05246140875159464,0.7490753759948692,6
0.0690781345896595,0.12393887128696603,0.03730182461984763,0.7696811695035268,6
0.06181060118494457,0.19252617814296602,0.030983040528341187,0.7146801801437482,6
0.06583047907196908,0.17314276215680385,0.045844564608440726,0.7151821941627864,6
0.06964223380884647,0.11381942134222395,0.0345779004824331,0.7819604443664967,6
0.06789206349890185,0.10472432187607586,0.03277080651150251,0.79461280811352,6
0.05659426251218364,0.13481654671198193,0.03186940866372052,0.7767197821121139,6
0.05881860601571081,0.1386587449729077,0.029218433050241265,0.7733042159611404,6
0.09583108613621291,0.19369127282394133,0.10672155379204297,0.6037560872478028,6
0.06860873514801445,0.16075044252913803,0.0342734742242541,0.7363673480985934,6
0.0819062617296056,0.16888888989423592,0.06769700893130401,0.6815078394448544,6
0.05444113530082718,0.11961331142002563,0.02560942223895927,0.800336131040188,6
0.06059805348204562,0.12021195854100719,0.03239224891968321,0.7867977390572641,6
0.05515383162653507,0.10420375822706258,0.048508647695996346,0.7921337624504061,6
0.08007517388746745,0.15326317321048627,0.0378245139396039,0.7288371389624424,6
0.06822113602532567,0.1239780851357835,0.024532597960779074,0.7832681808781118,6
0.0814219068311743,0.3275872781248895,0.035165418546458514,0.5558253964974776,4
0.07679090190011754,0.14085785046793692,0.04029317526062783,0.7420580723713178,6
0.061298812199520485,0.11264412584172322,0.02357845294825928,0.8024786090104971,6
0.09320020330945347,0.27351072410537025,0.10942965036040839,0.5238594222247678,6
0.058565860470903855,0.10637209089850924,0.03503524066986244,0.8000268079607245,6
0.06583858797617646,0.1446062980700053,0.04080312261173881,0.7487519913420796,6
0.10970723434139223,0.18917739753787496,0.053607588516769306,0.6475077796039632,6
0.09531003111582947,0.16543200734973806,0.043200459950476416,0.6960575015839562,6
0.09531003111582947,0.16543200734973806,0.043200459950476416,0.6960575015839562,6
0.08367549018617705,0.15816876706295702,0.031858345523210284,0.7262973972276556,6
0.09250277349965108,0.1466384297913595,0.04731850680724908,0.7135402899017405,6
0.10523725803164342,0.11947368996436633,0.0442256358541719,0.7310634161498182,6
0.056440239801028295,0.13319822155868227,0.023932723763411063,0.7864288148768784,6
0.0710418748573073,0.1726142610443831,0.04592148620096513,0.7104223778973445,6
0.09612199647182716,0.14944950591537362,0.08676493273771643,0.6676635648750828,6
0.060956933061435695,0.13554144737124935,0.05148365486528697,0.7520179647020281,6
0.26590488356375847,0.1664251989306831,0.05155332113888336,0.5161165963666751,5
0.11232238629755109,0.6461314713811652,0.10481141004637767,0.13673473227490607,4
0.058805938704346424,0.12986579804856913,0.04384743161013686,0.7674808316369476,6
0.24969715554347457,0.1276829260095178,0.034564281151391665,0.588055637295616,5
0.28159333919961754,0.2544026772058443,0.07950863251020765,0.38449535108433036,5
0.07014085044767303,0.11156496783815532,0.03144688661576007,0.7868472950984114,6
0.058177953377023986,0.15098442481921603,0.028175048265682432,0.7626625735380778,6
0.06552902085949946,0.1265556799310197,0.036881215719108795,0.7710340834903723,6
0.06257333859772364,0.1020941381505356,0.0421635900143475,0.7931689332373933,6
0.06759393349125471,0.09421892888929051,0.03883020258168262,0.799356935037772,6
0.06512494646070732,0.12269032402280498,0.03853131687784952,0.7736534126386383,6
0.06077923123668075,0.12957703400931603,0.02982229026681136,0.7798214444871917,6
0.08655718094558199,0.1771608021730847,0.052924503477830655,0.6833575134035026,6
0.09070236062520663,0.21945063020453717,0.05029044853129933,0.6395565606389567,6
0.08927905850644965,0.21337032976256612,0.055565652410238524,0.6417849593207455,6
0.06273891892285106,0.10822159007173388,0.0332361657786737,0.7958033252267416,6
0.0772686515411464,0.1354328900112686,0.040943380828616316,0.7463550776189688,6
0.08500337633665297,0.18508727166244335,0.04412338994610745,0.6857859620547964,6
0.06907619740027594,0.11261368103207584,0.03158602645545442,0.786724095112194,6
0.06933048455307203,0.12485327483073994,0.05491585419297484,0.7509003864232131,6
0.09708137947027058,0.2767037347490153,0.044522488575001136,0.581692397205713,6
0.08769212224594419,0.3411801590073302,0.038807651782364116,0.5323200669643614,4
0.08580255070279505,0.16654202072083443,0.03648640194543769,0.711169026630933,6
0.06104453473720441,0.12691379743309011,0.023090542628593926,0.7889511252011115,6
0.08187175138244122,0.14354078759798333,0.03137208399644073,0.743215377023135,6
0.06873166119475539,0.13259070697748565,0.03834576483965733,0.7603318669881017,6
0.06547004801048527,0.14393687395221738,0.024017878780846533,0.7665751992564506,6
0.058456410807913965,0.17661918371184362,0.035357155798568324,0.7295672496816742,6
0.05262134548676205,0.0931406362755547,0.03790335693202335,0.8163346613056599,6
0.07639987945516309,0.11869563622196186,0.0353149755273119,0.7695895087955631,6
0.06175344398211399,0.10845610132583487,0.037988533019928716,0.7918019216721225,6
0.07933546443801152,0.15438609842811582,0.03759273288234385,0.7286857042515288,6
0.0865952208668187,0.1388899129668729,0.04643275162175048,0.728082114544558,6
0.06525560639729792,0.14040387848510902,0.03423586042826425,0.7601046546893289,6
0.13052551525029077,0.15099989691132404,0.05808641815127867,0.6603881696871066,6
0.08796558282779339,0.37110594665857455,0.04225828747584905,0.4986701830377829,4
0.07094696001848025,0.12432145108780354,0.025276492601156685,0.7794550962925597,6
0.07634181360383084,0.12457701111509002,0.03839582567200666,0.7606853496090725,6
0.07264075416681234,0.12213509156397583,0.030449746805409128,0.7747744074638029,6
0.07379757518950424,0.18803589712100327,0.026790442659499706,0.7113760850299928,4
0.08193891770379728,0.17326416934848357,0.08937519680701182,0.6554217161407074,6
0.07026074575877926,0.13709301704924604,0.02958915651304985,0.7630570806789247,6
0.06415111416757753,0.10878108979850312,0.03910838913069149,0.787959406903228,6
0.08646526263679544,0.1444762039391743,0.045733159857722853,0.7233253735663074,6
0.06315504196757557,0.13762107052665568,0.030052376830754887,0.769171510675014,6
0.07035154462447868,0.12951185960189465,0.03146183120839868,0.7686747645652281,6
0.06989762207806936,0.12921237530714982,0.026484552531994218,0.7744054500827864,6
0.25354401270551374,0.18574961543075993,0.06812244429407552,0.4925839275696507,5
0.06647663794619077,0.14958999605553444,0.025474036300250903,0.7584593296980237,6
0.052310668610959815,0.14402669758683395,0.03820379270890428,0.7654588410933019,6
0.09320026367328417,0.46492866800355986,0.03644871313131693,0.40542235519183895,4
0.06081887948500847,0.11104448585430635,0.040883701414222054,0.787252933246463,6
0.29851610396361955,0.18300516410183618,0.07756020978926234,0.4409185221452819,5
0.1068900137342703,0.16707403541798926,0.04671871501148323,0.679317235836257,6
0.057536133075828,0.13334221257704787,0.028413808516598523,0.7807078458305257,6
0.06157696367749905,0.11768596098451589,0.03182308106755281,0.7889139942704325,6
0.07914574926547323,0.12187186270138009,0.03128805531827445,0.7676943327148723,6
0.19590469931449703,0.21388749202897062,0.06496944899380588,0.5252383596627265,5
0.08444569250414873,0.09333496422516606,0.056555309018123695,0.7656640342525617,6
0.07156860999673305,0.1134493431441992,0.03495002099011599,0.7800320258689519,6
0.07321126825965096,0.11337856592544424,0.03924429493306788,0.7741658708818369,6
0.09142953517276586,0.20279060489033937,0.04144598091962773,0.664333879017267,6
0.053979518753442556,0.12820420473554536,0.04131885352350661,0.7764974229875055,6
0.05099652551388953,0.1257961941767255,0.0284147043925791,0.794792575916806,6
0.08095520794926948,0.18584393191175783,0.0928392373651232,0.6403616227738493,6
0.07892024537962353,0.11090176770460143,0.030954981034234972,0.7792230058815401,6
0.09296134520360302,0.14464306982562988,0.03496464091227208,0.7274309440584952,6
0.07810914035821392,0.15361145950631425,0.03512324922687004,0.7331561509086018,6
0.08938471612295222,0.20063224452677858,0.06317594915514516,0.6468070901951241,6
0.06470296694448599,0.10989139610091422,0.02755692744658716,0.7978487095080125,6
0.06920347620954352,0.11969471288939132,0.023145589873776656,0.7879562210272885,6
0.06061400641967564,0.10973550488354114,0.023974819069783555,0.8056756696269998,6
0.061501846305708256,0.10937825777419632,0.025202777705173745,0.8039171182149217,6
0.06996587364416985,0.13190721140246026,0.027760988942857168,0.7703659260105128,6
0.08360323259215045,0.140650651354954,0.033239647111573754,0.7425064689413219,6
0.06451690039615451,0.09331351843941552,0.027672626351652123,0.814496954812778,6
0.08597839974602872,0.16722438268699835,0.03597317370511869,0.7108240438618544,6
0.06611335109044943,0.0997064493940788,0.0271593452447087,0.8070208542707631,6
0.2963338033070827,0.1354308853738376,0.04144673001095914,0.5267885813081205,5
0.0711357470519124,0.17550254573276752,0.029351557278445073,0.724010149936875,6
0.05793746092751081,0.1118437877534528,0.039532835596101774,0.7906859157229347,6
0.07785458658165334,0.14876524988708517,0.03255383706876193,0.7408263264624996,6
0.07811401369764841,0.14451205480072465,0.036003605928034865,0.7413703255735922,6
0.08071163093517612,0.143699342042265,0.033165386706103174,0.7424236403164558,6
0.07268327014083603,0.13681585525589599,0.03700242266409624,0.7534984519391718,6
0.06592020613374129,0.10673685485096918,0.03052002747498484,0.7968229115403046,6
0.06787104132108066,0.11119510428066323,0.03141442476454619,0.7895194296337101,6
0.07263998631968639,0.08622005472366925,0.030601768869931555,0.8105381900867128,6
0.12334635886990264,0.3008270554099707,0.10678101646601679,0.46904556925410984,4
0.05647405753401037,0.1081227864098488,0.030755039731193434,0.8046481163249475,6
0.23658000938295654,0.11633614785025831,0.04633706746371609,0.6007467753030691,5
0.07286749352555875,0.12976423594760098,0.05053606792835327,0.7468322025984869,6
0.07873150731647328,0.1369951425590148,0.052810023518703245,0.7314633266058088,6
0.08813588982452537,0.1580491789190638,0.036300492971739776,0.7175144382846709,6
0.06480141665766521,0.137557552569366,0.0554560448701062,0.7421849859028629,6
0.06615648191194552,0.13507413505640334,0.04623819981791167,0.7525311832137395,6
0.04996483064133329,0.12201287493949418,0.036587469706467625,0.7914348247127051,6
0.07767433999473168,0.11045324946232507,0.038233440820506406,0.773638969722437,6
0.1675436699503947,0.15441790110393247,0.04328315140273902,0.6347552775429338,5
0.06944286198579512,0.15371871631715597,0.05786220208587336,0.7189762196111755,6
0.08664520280252178,0.20635138037168999,0.03410600206956988,0.6728974147562183,6
0.07593355734949163,0.24405797722674194,0.05461982196740616,0.6253886434563602,6
0.09839817783379917,0.2017415489519406,0.039856775906313376,0.6600034973079468,6
0.228370914180581,0.41300135205568805,0.08486563601586185,0.2737620977478692,5
0.12856175654781518,0.6185824743255446,0.1384681429752875,0.11438762615135295,4
0.06069386272035191,0.11638941079570529,0.061567657415356185,0.7613490690685867,6
0.08748546034031969,0.12349195284898778,0.0315374843508609,0.7574851024598317,6
0.13380983513852404,0.3682929103088016,0.11372595569824935,0.38417129885442486,6
0.12865938148936604,0.4287991930172177,0.13855815428880375,0.3039832712046125,6
0.11899334611476366,0.4849132307779114,0.13737928146869766,0.25871414163862744,6
0.15366853615275336,0.4151475545933572,0.12187097435978766,0.30931293489410167,6
0.10098715054778984,0.36014763457619026,0.08660562882379325,0.45225958605222677,6
0.10130687890874956,0.45263069883081986,0.0798375384108417,0.36622488384958873,6
0.1049622440789083,0.3644337810302058,0.06049831885157125,0.47010565603931465,6
0.13093118519490954,0.4828414123247356,0.11783563417200178,0.2683917683083532,6
0.1069667321552253,0.4479482381610854,0.1523406674454794,0.29274436223820965,6
0.19442829090855143,0.41594401327073566,0.08084337073092217,0.30878432508979065,6
0.1047124297345319,0.47186106904403724,0.072715288249808,0.35071121297162283,6
0.11501849417631586,0.4482925275827367,0.1407578456476971,0.29593113259325043,6
0.12050065207258338,0.4448447770494407,0.11729683110708934,0.31735773977088677,6
0.12839367135944005,0.4665552663556975,0.15333492282219455,0.2517161394626681,6
0.09583407463189728,0.3235972117817386,0.191662299824439,0.38890641376192503,6
0.09744785974514913,0.400737501272011,0.0971245770855022,0.4046900618973374,6
0.10305251830201352,0.40667518843655115,0.0830562293334108,0.4072160639280245,6
0.10402706587584583,0.4740828053586251,0.07260415600180523,0.34928597276372364,6
0.14494664951021105,0.4550463666055033,0.12262253710540243,0.27738444677888324,6
0.09355662891316244,0.4143174729546775,0.13495651388434943,0.3571693842478106,6
0.0947383926307516,0.31690638928308235,0.08432513372378264,0.5040300843623835,6
0.09155046965900038,0.515492410589735,0.10545582473430111,0.28750129501696353,6
0.10903227263807755,0.370501473141354,0.08927662278187082,0.4311896314386976,6
0.11594775057878105,0.6498719157819618,0.07466149250169489,0.15951884113756207,4
0.08872422871003045,0.4236171483735598,0.4044184655525503,0.08324015736385955,1
0.09567021757925348,0.32492523442527066,0.4364988945386667,0.14290565345680908,1
0.06663298163314015,0.12774469078433176,0.2744446199124109,0.5311777076701171,1
0.10653563066200913,0.2918789436162701,0.5011924349888525,0.10039299073286824,1
0.07148628720673673,0.19012863412267522,0.42886762415819585,0.309517454512392,1
0.03874883286647992,0.19638613020965962,0.638231049995756,0.1266339869281046,1
0.08655811487895036,0.3436220210619431,0.44665004370092376,0.12316982035818273,1
0.08192303745952266,0.28423781122462205,0.572784134055314,0.06105501726054129,1
0.07212320128694766,0.2266237057862811,0.39691825502242783,0.30433483790434324,1
0.06858769211176262,0.29372607017102115,0.36593886700122946,0.27174737071598665,1
0.11326657460073436,0.3251753093726659,0.41509839660217107,0.14645971942442865,1
0.06010717141966399,0.1839778485233617,0.4095010077339915,0.3464139723229828,1
0.09500875192909225,0.3516742037214242,0.4102925561791862,0.1430244881702973,1
0.06757002116840526,0.25202104109126733,0.5694662979085784,0.11094263983174887,1
0.10771047492035322,0.29032112282920997,0.4219081362207779,0.18006026602965908,1
0.11430690795838826,0.3014792961735282,0.46278646090063796,0.12142733496744586,1
0.0990193445701389,0.20428706754883388,0.4272967999343839,0.26939678794664323,1
0.07021660990646585,0.18838747808233922,0.3642813354887156,0.3771145765224794,1
0.10137209899607946,0.3807164158447718,0.3959143151073822,0.12199717005176669,1
0.10452895242883796,0.287641785140614,0.4667722704791706,0.14105699195137744,1
