id,5,4,6,1,category
CFMC-20150654,0.043696892983157924,0.15328216355256402,0.05838084507658605,0.11130676505435864,1
CFMC-20151506,0.05517423816232912,0.08988276336328636,0.4488385481491039,0.02772607194690228,6
CFMC-20151724,0.05523567029911214,0.09818238105597986,0.5186067871545378,0.057141828157036945,6
CFMC-20150376,0.09501671997511225,0.3455878593960836,0.07763759172769606,0.20306930431094417,1
CFMC-20151539,0.07331452557412434,0.28328028774753194,0.07029663377727655,0.11696820202387412,1
CFMC-20151776,0.07241344627206844,0.2601357719752729,0.21526588489832008,0.12865548508963262,4
CFMC-20160532,0.1282697642181237,0.14266729159477576,0.021854584636330436,0.028636930979341505,5
CFMC-20150344,0.06942789138580256,0.22918516697218647,0.093162879394394,0.05720365408435173,6
CFMC-20151355,0.0940539515743207,0.3420937321557058,0.06169034220856183,0.10216197406141157,4
CFMC-20151676,0.06829297630992737,0.23939587420686498,0.08735242136621138,0.1790328021910702,1
CFMC-20150071,0.05186311935500446,0.19219609755273484,0.06070355349510157,0.13754492190485146,1
CFMC-20151824,0.04723036745070842,0.07800335739763954,0.5719835672664966,0.023712940443294927,6
CFMC-20160075,0.07933540286756237,0.25696718988985173,0.05610784248631897,0.14605110321780543,1
CFMC-20151813,0.055362106000436326,0.09168981479949996,0.5015082642130083,0.037714324790977125,6
CFMC-20160147,0.07256838348600853,0.2876619203005874,0.07225484829148322,0.09529262569969864,4
CFMC-20160585,0.05317462855584983,0.15272764280022205,0.16592671939386266,0.1527611731844915,1
CFMC-20150634,0.055898383383603555,0.14672701643520686,0.03296904157605595,0.40076919496877,1
CFMC-20150399,0.04892646175793938,0.08695514691177403,0.49621600311698527,0.02415238821330139,6
CFMC-20150706,0.048774282543214816,0.07422354683621227,0.5265300407554029,0.025472129865170064,6
CFMC-20160559,0.054389886246281646,0.2648869351466478,0.06712173613080742,0.037843866718687384,4
CFMC-20150607,0.08381054131749238,0.26752937018840467,0.0766593958736037,0.09814448347017236,5
CFMC-20151469,0.05548397181028022,0.19810002222430828,0.04709250765612924,0.24771059508347576,1
CFMC-20160099,0.05392708748978372,0.09630194922038453,0.6598257003979447,0.028654940311242036,6
CFMC-20151838,0.06813501761138069,0.2580837889542156,0.052391496832295034,0.08805636326877539,4
CFMC-20150877,0.061463656239907426,0.08392879176536543,0.6035620937227548,0.04591725314376725,6
CFMC-20151437,0.051007369937209404,0.07819991486880173,0.5340680718244495,0.03942734607224215,6
CFMC-20160526,0.08768844981374137,0.33595401506643313,0.0804275166385503,0.10991178139920843,4
CFMC-20150558,0.07833196216723275,0.2766649574089597,0.05359610943475745,0.0430198742148565,4
CFMC-20160324,0.05155503993778776,0.09390812910420918,0.6207975794880268,0.028611046341771116,6
CFMC-20150559,0.059343865747071796,0.2615658550519606,0.07289947454165538,0.08767228614079374,4
CFMC-20151466,0.06889993588294249,0.3305727003813952,0.061499175935496905,0.11045675922873688,4
CFMC-20150285,0.08988028022520343,0.2529684352699599,0.06047635916601105,0.24160246157070978,1
CFMC-20150642,0.06200461401177849,0.13216276499875856,0.555226483447814,0.023333410268921807,6
CFMC-20151548,0.06337799587309026,0.2390052650600655,0.06428122092028161,0.0863269711380156,6
CFMC-20152065,0.03582755530472533,0.227167948480423,0.03301557696140809,0.023988919253443576,4
CFMC-20151694,0.0511402386718231,0.07966429447927709,0.5434686792218573,0.05121698370547401,6
CFMC-20151789,0.07662579479237133,0.3196706478029313,0.06183912725600314,0.10186443014869422,4
CFMC-20160470,0.05217597201349614,0.3092723364095409,0.06356884929109322,0.04955911347231036,4
CFMC-20151911,0.056441885898239334,0.23625646100371658,0.039067393387322645,0.043234259710721416,4
CFMC-20160305,0.05678067112485832,0.2860188761468043,0.07352663914756838,0.0551023850093405,4
CFMC-20160140,0.0984452322540477,0.25791108383712136,0.10147385844979516,0.06848561493272003,5
CFMC-20150669,0.023678859512838366,0.05194609729487542,0.2274700561104646,0.037330518996715294,6
CFMC-20150292,0.05000578750113998,0.1720304800524764,0.0509397896793827,0.14493439052819493,1
CFMC-20160078,0.07492873578610375,0.3553792522941855,0.06646100608763959,0.121787706862999,4
CFMC-20151218,0.07964897674505741,0.11367372630580411,0.3468568292882472,0.019820467660891374,5
CFMC-20151269,0.06785937458447526,0.24538032226225673,0.06544359893011821,0.07965003755648305,4
CFMC-20151378,0.07002128514669775,0.21387502979247713,0.09647180141124473,0.14505561246313978,1
CFMC-20160092,0.040340757544397345,0.0649082192841722,0.4594914230817448,0.01859293342301904,6
CFMC-20151457,0.05992348614356255,0.08886016173450192,0.5305312685880341,0.026567436475077876,6
CFMC-20160487,0.08304212876920475,0.32562469373066,0.07823203270249796,0.10401023570672834,5
CFMC-20160275,0.05214606314151124,0.13560905963616238,0.29924705051483674,0.06061687432653727,4
CFMC-20151235,0.09979140511136644,0.0857485946560659,0.537331816166825,0.027128184065742716,5
CFMC-20160286,0.04409260385525596,0.24323365974277306,0.05689043723988138,0.07415064610086514,4
CFMC-20151793,0.04592920623493961,0.0717674160964922,0.5715505999681605,0.03168301025854739,6
CFMC-20150551,0.058704981183947624,0.07672662812527846,0.6054685088144072,0.030528453304938204,6
CFMC-20151876,0.07007267064807388,0.2647430266589351,0.08033495998853309,0.09231202927162195,6
CFMC-20150635,0.052526199801518306,0.08577061183278496,0.4839804287555755,0.026371408258769935,6
CFMC-20150447,0.03557389199899653,0.13647453085235156,0.046231623838180524,0.11765745331047134,1
CFMC-20151746,0.08318606025594477,0.32624367378919744,0.05594645361614491,0.07120917819237148,4
CFMC-20151180,0.03986353556875736,0.08637032689054262,0.4708136003262508,0.02457415883607091,6
CFMC-20160058,0.0655478658497408,0.2027992809298887,0.24092645769073012,0.036180940984185776,4
CFMC-20160302,0.050257800372151225,0.0873590648446256,0.522786317112432,0.02848570655968026,6
CFMC-20151962,0.04051188693666736,0.09596511209625641,0.49304549525911506,0.019126154356609793,6
CFMC-20160150,0.055136055252790105,0.08261973409280451,0.4789020455168726,0.03149031328568099,6
CFMC-20150278,0.07687233485670125,0.06571224378786165,0.38455254179940773,0.018317425010574876,5
CFMC-20150230,0.029349624964015233,0.061531023134799946,0.34584219803116467,0.03202715387002022,4
CFMC-20151867,0.052768564422119114,0.08485122451909477,0.5105163026792946,0.03936390837949169,6
CFMC-20150964,0.07757228909968732,0.2786165386444917,0.09071822644100482,0.08880723152910189,4
CFMC-20151901,0.03922695046606236,0.14502601052155414,0.20115298185439942,0.06913951170343859,4
CFMC-20151841,0.04987643921077738,0.16007531069772485,0.08104983464359392,0.1627556408814299,1
CFMC-20160462,0.05764001730673636,0.3664672595582475,0.0838427625063303,0.039669008247733416,4
CFMC-20151929,0.04426498260248235,0.18598509802969623,0.2518641476966655,0.07886138142725348,4
CFMC-20151010,0.037748426593158725,0.10205043818151177,0.11887364126659831,0.032994160625397895,1
CFMC-20151619,0.103362342468645,0.44255236442451723,0.07303363984903033,0.11574553080882789,4
CFMC-20151039,0.06598203237794409,0.27610840926078317,0.06018473010111104,0.08048344894981681,4
CFMC-20151294,0.033744820429300215,0.2510574330918603,0.043674884192009954,0.024464038757417764,4
CFMC-20151293,0.050078781487992295,0.07177939191957544,0.5150414873730763,0.029767005886022636,6
CFMC-20151779,0.10912785722656819,0.37635116785278433,0.0699169342191356,0.1112707073681786,4
CFMC-20151189,0.0694268848086575,0.0938617601397745,0.48855722193304596,0.022067176596782857,4
CFMC-20160558,0.0785895905602725,0.3415196926556355,0.08046447267194513,0.05824977352391147,4
CFMC-20150294,0.1222661766256996,0.2311690163146798,0.0451974272688084,0.04136737979081217,5
CFMC-20151713,0.051635811072294514,0.12211458287763488,0.167002196288222,0.15924740976184865,1
CFMC-20151538,0.07425853439991725,0.2715883697907901,0.07428108925944933,0.08513516444458014,5
CFMC-20160372,0.0744711081868209,0.08329013726308553,0.47909901894227225,0.029806402274488077,5
CFMC-20150978,0.06682761639530825,0.26578913340985616,0.06339134220733258,0.02586690798750295,4
CFMC-20160008,0.05515564424085155,0.1062412941128526,0.5135918897668159,0.02771387458218278,6
CFMC-20151553,0.037485914179108015,0.24625640089855136,0.05184589537575338,0.03713906227386002,4
CFMC-20160011,0.0915878984145268,0.3187227407232685,0.06541919065017877,0.1142283292078417,4
CFMC-20151707,0.07902569254753819,0.08482234509858763,0.5167249084031259,0.026744127121480117,5
CFMC-20160519,0.07407605866135142,0.34273677763142874,0.08030418936012285,0.08427832318430628,6
CFMC-20151681,0.053670835544476526,0.23266820526630633,0.05596751714863958,0.07148654548885337,4
CFMC-20150769,0.05134165124779083,0.10083554125085978,0.5269594874151613,0.026745673027364605,6
CFMC-20150876,0.035738929636605174,0.06468871202585873,0.4010288844121419,0.022352997734918063,6
CFMC-20160082,0.08682448185434405,0.2890030190005544,0.06042962323345754,0.13040954257831053,1
CFMC-20150906,0.03628102843357461,0.15948121174274635,0.06251032294934625,0.033118165351153986,6
CFMC-20150921,0.06302450470605696,0.09587268942593824,0.6101016502733062,0.031001155594698585,6
CFMC-20151677,0.051413579026931076,0.35951919935998145,0.04858156926511619,0.05563716749948643,4
CFMC-20151690,0.04811463819193062,0.1074847583418623,0.6000284384647364,0.06069869561371569,6
CFMC-20151446,0.05314992587725594,0.0713215197820001,0.5459214976705328,0.02191474897790352,6
CFMC-20160340,0.04963771225779415,0.24955868607119314,0.05028800779169511,0.0547709130282538,4
CFMC-20150207,0.05409759179952089,0.09166412460839757,0.5670570099386536,0.0279220143941688,6
CFMC-20160469,0.026736146889932682,0.12847915903558563,0.16146398469326106,0.029474555535066775,6
CFMC-20160540,0.03986274447400686,0.07421443266158363,0.270738027276487,0.10407368447681142,1
CFMC-20151404,0.04510655674296275,0.07860819383929044,0.48014748061933166,0.024044745542601154,6
CFMC-20150299,0.07093345085500861,0.23450038702158077,0.11229478141718947,0.05285961600033878,4
CFMC-20150300,0.03979454825328839,0.08977385592072944,0.3245808988025038,0.03156498273776415,4
CFMC-20160167,0.050559992217153966,0.2608426642381015,0.03944858665129082,0.03248209022678698,4
CFMC-20150834,0.0393516130548708,0.13663154294849356,0.047769967016103754,0.09977628874523775,1
CFMC-20160428,0.045474697885339185,0.2013841013683135,0.17131302402648002,0.04524281086620879,4
CFMC-20160214,0.062262821096312794,0.23074143800408428,0.056759841143007146,0.08659953612023201,4
CFMC-20160548,0.10638100014493372,0.296969404975554,0.07313289718530422,0.10043977461728494,5
CFMC-20151476,0.05381301966614706,0.27220567663843404,0.057548353833363354,0.04500437843348415,4
CFMC-20151414,0.0485086087550013,0.07899640830465592,0.5839595379525635,0.029276185728520067,6
CFMC-20151233,0.07122138508540238,0.08924600921260108,0.5837858867932675,0.027175290337300505,6
CFMC-20151822,0.06809295477802488,0.2650950356261383,0.1035380553402469,0.06327395425558995,4
CFMC-20150818,0.03758976422442588,0.22526744413274358,0.05860999140523139,0.0298841515889505,4
CFMC-20151038,0.033060062933581665,0.09404386060829746,0.12149669269012112,0.037113669482285484,4
CFMC-20160543,0.07411392977448737,0.30254770992379326,0.06260021971820864,0.09919967904504928,4
CFMC-20160571,0.07734123324862514,0.3070326142466325,0.059068422621921725,0.09577341615733045,4
CFMC-20151859,0.05831650111023659,0.06546138833743165,0.5138138214260302,0.020944874492155294,6
CFMC-20150312,0.04417449902192342,0.2661632337927699,0.037986663494467214,0.030053982069217777,4
CFMC-20150192,0.03903640686357749,0.11693371298148537,0.32829673108764784,0.037472279502071944,4
CFMC-20151739,0.05050186532525119,0.07387344399167098,0.572757234385172,0.052867456297905895,6
CFMC-20151988,0.051959842518565204,0.27854253700736825,0.0698582021874696,0.050188868836047555,4
CFMC-20151576,0.045039398740221795,0.09479637963562049,0.3637043241688871,0.16312656412193738,1
CFMC-20160159,0.044976693619446194,0.09039479457343728,0.5331462053548972,0.02378999875991169,6
CFMC-20151693,0.0479081417480069,0.14101657304780574,0.2659580063396581,0.06970744279895542,4
CFMC-20150534,0.06526556515426643,0.12972816142426502,0.291834474910444,0.02136851982249997,5
CFMC-20151046,0.053895202818455695,0.1875335544669096,0.07464442867255391,0.032764023344406354,4
CFMC-20160201,0.048536214389877715,0.2611226552973026,0.16575683619728443,0.0352225919878756,4
CFMC-20160368,0.04914489730242985,0.13541826079967356,0.3882980980949379,0.04782839897537248,4
CFMC-20151026,0.06468381407824662,0.28763186198057245,0.05635983040719743,0.09132449353398361,4
CFMC-20150616,0.035207037037257784,0.18209703462007473,0.05939007804667083,0.11461019812208365,1
CFMC-20150326,0.012768429668761258,0.08234067898145406,0.026963600892145403,0.020784433314782146,6
CFMC-20150648,0.03419585965085659,0.11020151711945314,0.048402869939694795,0.09810884419908632,1
CFMC-20151424,0.04529540003638288,0.06740264373049068,0.5036499144348813,0.024677682823886195,6
CFMC-20150508,0.037657088483798035,0.13016228518298117,0.02505266894238715,0.047868698131574385,4
CFMC-20151684,0.06450482070214734,0.3653592006338401,0.09778598544538486,0.057715846877164356,4
CFMC-20151898,0.05194939827146545,0.08406266689181664,0.5383777345252039,0.03149255325269069,6
CFMC-20150931,0.02783724181985833,0.10300056633771297,0.09532088386750427,0.023841307974924442,4
CFMC-20151436,0.05161632942655391,0.06970630439336853,0.5235256588481467,0.02181837399859754,6
CFMC-20150028,0.07124073484381203,0.25737721460638857,0.08248634440602524,0.0812033984514665,6
CFMC-20150991,0.04436931272282587,0.1205149795681144,0.31947334227213425,0.027837487388145055,4
CFMC-20160412,0.04988502816339152,0.07967373750006994,0.5663712651220323,0.022819969214506408,6
CFMC-20160138,0.07005603154907514,0.11511975831293637,0.5999636971615405,0.025671323787258674,4
CFMC-20150625,0.07854759111576337,0.32324578063520865,0.06850045442704832,0.1118979546438973,4
CFMC-20151864,0.052851454383667076,0.07658837589185788,0.5221874989299219,0.02404834647022902,6
CFMC-20160441,0.08475581756132229,0.2617798725270247,0.04849565978506174,0.051570591874164046,4
CFMC-20151420,0.04568047885251127,0.07604762273196503,0.5383275416197152,0.029599529209601707,6
CFMC-20151360,0.060926867651745854,0.24097143796836162,0.053943048162574905,0.08745761528948257,4
CFMC-20160046,0.05745221368130044,0.24712556025131074,0.06795726029229276,0.08346496577509604,4
CFMC-20150161,0.05302752428696896,0.34394011521547624,0.05150557835295162,0.02771725833507937,4
CFMC-20150682,0.036995014390440235,0.20684180550881956,0.10757456918964332,0.015255277577763566,4
CFMC-20151612,0.10071413390399517,0.2842138167355256,0.06584840267232597,0.10346892970702104,5
CFMC-20151568,0.05282929928156872,0.08979576314677742,0.6222317510667933,0.05093266018907119,6
CFMC-20160178,0.03819702210023547,0.2928149230534792,0.04367041008659704,0.018174787616831133,4
CFMC-20151411,0.04731226406285396,0.06492467996782741,0.48361050344529255,0.029152552524026244,6
CFMC-20151451,0.056645363005095505,0.09675035630058211,0.5102164309327778,0.033357546731241604,6
CFMC-20150002,0.07870195080228849,0.3300430154997501,0.09117121810944787,0.10008381558851344,4
CFMC-20151969,0.05082068891202047,0.08559738263288072,0.6601064576389426,0.03204689938758487,6
CFMC-20151344,0.0834259074235536,0.10383198709050057,0.632405125679747,0.0339955163915647,6
CFMC-20151220,0.07154497400246419,0.09249098615266145,0.5206690532978938,0.019840441092435095,6
CFMC-20151757,0.06419335514169755,0.30015507173991063,0.104557645769,0.09359392734939183,4
CFMC-20160381,0.056834139967638725,0.08740547804625519,0.5485135992086536,0.029469004999674767,6
CFMC-20151932,0.05839100475785753,0.16708230888704992,0.2601794742886114,0.1601805453998145,1
CFMC-20160226,0.11454634226879153,0.3775751735121711,0.08467930887540592,0.10740970165942085,4
CFMC-20151579,0.0453125318303182,0.12878428047505122,0.34611726777182455,0.0484133709031982,6
CFMC-20151711,0.05955598462355153,0.10283150500181866,0.6015017014965703,0.03022845593688306,6
CFMC-20160319,0.04749224514512732,0.07205276109856248,0.539696947020904,0.02160911056519357,6
CFMC-20151600,0.049813719734066834,0.08776427783928267,0.5711626105036175,0.04735695289864275,6
CFMC-20160107,0.04955376245049199,0.07499740499909527,0.5013355678399962,0.01855770915486101,6
CFMC-20160561,0.04573127158483643,0.1752166620212792,0.04468643764408798,0.04584103858586194,4
CFMC-20150688,0.05939541759825284,0.1971145833150254,0.05522167227739021,0.0811254696664744,6
CFMC-20160555,0.08474967728478348,0.28764831976417277,0.09131454102878578,0.22147264710744305,1
CFMC-20151742,0.06979763782529613,0.2721336719225974,0.06102892407911697,0.07918262331584665,4
CFMC-20151767,0.05417085682088914,0.17934372994646766,0.04134680471868042,0.1695830529584072,1
CFMC-20150955,0.07471495534542977,0.24728915833727852,0.0755626907899666,0.0639716570657867,4
CFMC-20151337,0.03148404721110714,0.050292196185916314,0.4397808651035387,0.01415717721372368,6
CFMC-20150888,0.0592878298747887,0.07267985460545504,0.5554728010807264,0.03255951443902995,6
CFMC-20151303,0.07815753860731331,0.29311793594415136,0.07033519764976495,0.09612517685537413,4
CFMC-20160435,0.08951518853550529,0.4128994873093022,0.09838397929120414,0.102905048567692,4
CFMC-20151846,0.05661615772623816,0.2759475810315585,0.06251836654873558,0.0493623391379122,4
CFMC-20150470,0.05170651176157725,0.0914585326509811,0.24556211162137145,0.13586300790049644,1
CFMC-20151760,0.090182509376257,0.20033746449413656,0.05090179159393996,0.033578234535666496,5
CFMC-20150424,0.06432448447853016,0.19027883078248303,0.0765564939515265,0.0666603542751986,5
CFMC-20150302,0.06905678968490005,0.20528449154732,0.0828158533617073,0.05950953207273934,4
CFMC-20151097,0.04879131404702431,0.23809181833789012,0.05527003425186922,0.03489601369108515,5
CFMC-20150656,0.08667187436561884,0.3302066842068187,0.0655555816273305,0.10089919313356518,4
CFMC-20151836,0.07910156283146341,0.1121605752355077,0.4476254013721562,0.02777912722753937,5
CFMC-20151610,0.048736756770953904,0.10943571586828026,0.4379677065904775,0.19173860864907635,1
CFMC-20160483,0.03698138082488836,0.20999710427211166,0.10237770157984719,0.044583207262546776,6
CFMC-20151983,0.0834887520422544,0.30877241895914187,0.08946033892894725,0.10723554528438023,4
CFMC-20151234,0.0780995685462191,0.08277942491133923,0.5698978259543164,0.024778736143680907,6
CFMC-20160553,0.06339815007541844,0.21122841601840114,0.11487202377230497,0.06504686467933002,6
CFMC-20150479,0.09470912935702892,0.09966458960115276,0.5501039104568176,0.02695094201357229,5
CFMC-20152051,0.055694463429776096,0.27801190005695753,0.04489604022652065,0.04512640984606776,4
CFMC-20151798,0.05363207073196503,0.08427447223909866,0.6305582465609122,0.03153521046802439,6
CFMC-20150035,0.13248454468490842,0.27864832329005274,0.06240695568097148,0.09312684301073405,5
CFMC-20160009,0.05291500988219903,0.12488580936572251,0.5427443247551813,0.03807554565206967,6
CFMC-20150848,0.03987843527305693,0.24986412181889683,0.03674685626823566,0.08260149573071963,4
CFMC-20151004,0.05939950512731248,0.11506908729630527,0.5828672597966965,0.03678179483850943,6
CFMC-20151526,0.04663587525774235,0.22959135279618575,0.08013351283824248,0.04363925910782945,4
CFMC-20151333,0.01777141640750902,0.16426656663911954,0.028296125826683314,0.01693861839941538,4
CFMC-20151551,0.0706875542100165,0.2319520490048912,0.06079857663482336,0.17822848681693568,1
CFMC-20160392,0.08946374982455961,0.32745783188411737,0.11193297385110258,0.11400258729736336,6
CFMC-20160568,0.08580574187003524,0.30737838426616815,0.06997629756012631,0.1725538620179559,1
CFMC-20151547,0.08886479547697,0.4003104123062205,0.08982453999540549,0.12312791179587204,4
CFMC-20160112,0.05601175380335864,0.2570632333507565,0.07485140945331399,0.08266183868668853,4
CFMC-20151090,0.026082727034751025,0.11072585190088938,0.047018062938227856,0.11617335812613176,1
CFMC-20150985,0.04237440029955979,0.07973964072470387,0.5090628893003792,0.025965926818214313,6
CFMC-20152057,0.028905421292014698,0.16578998368305814,0.05499689110912995,0.022338355256793337,4
CFMC-20151550,0.05517268216234969,0.17424456595651344,0.046358402129519985,0.12979710516957343,1
CFMC-20151298,0.05249936911092682,0.20855286303261428,0.060679044568017725,0.06715761217733007,4
CFMC-20150929,0.024238531277437574,0.13315182501729192,0.0810300483742873,0.020838854590242463,6
CFMC-20160232,0.04992015430384043,0.3101516802707391,0.03661873074079616,0.029052008942050112,4
CFMC-20150456,0.04689189481411432,0.08452384936672773,0.5547194650063046,0.0326147908128534,6
CFMC-20151993,0.03259355856556564,0.18020323488901188,0.04778258069945774,0.022029321498138684,4
CFMC-20151397,0.05700071160464615,0.09116798480084173,0.5609797856504392,0.034441261533816575,6
CFMC-20150254,0.0930309739644347,0.46544464844193334,0.08739786416380137,0.09096861869298868,4
CFMC-20150055,0.03540339837153971,0.1552118677596426,0.031069149899494025,0.06402986968360935,4
CFMC-20160407,0.02799585717706166,0.07359669797766213,0.25502762386870825,0.01592884058441112,4
CFMC-20151865,0.04943849872730548,0.13173067565396368,0.33414718784700964,0.12104727413535755,1
CFMC-20151317,0.04454049738301497,0.07311445112467213,0.5203879576310386,0.028623760527941074,6
CFMC-20150590,0.03396886037803335,0.1794058046992004,0.03569661230023083,0.02365599534980817,5
CFMC-20160455,0.04214805065354517,0.22904769268976946,0.057033596715873804,0.0165982461477081,4
CFMC-20151561,0.061773729799029994,0.28001339277946735,0.07113857481415661,0.07278858832163174,4
CFMC-20151175,0.046169491255147126,0.0729555890015115,0.5550946815825342,0.03166259110198369,6
CFMC-20160230,0.052344074655376736,0.2560111862191565,0.08986688309253255,0.022830487611881587,4
CFMC-20151636,0.0824177143384962,0.3177664575201692,0.07205323738511639,0.13270086236115644,4
CFMC-20160149,0.046738306634239675,0.08657909745101815,0.5844733587206833,0.025066380051201785,6
CFMC-20151176,0.030330346360635446,0.0972573597099267,0.3095010414605797,0.02559781963303734,6
CFMC-20150305,0.06055898753574794,0.31154429639334896,0.04676019564374581,0.04267498196561865,4
CFMC-20150225,0.07735877193580351,0.27513669874628754,0.06170917182237988,0.07636139523137812,4
CFMC-20151236,0.05954037330530685,0.22543219838925188,0.1632989157174883,0.05172851258795296,6
CFMC-20151006,0.04988592213342837,0.0775745779186982,0.5552715525409165,0.026945366761795726,6
CFMC-20160233,0.028440944382839596,0.19802750070544836,0.07048334562114861,0.04787579549746001,4
CFMC-20150808,0.0656462980059172,0.26973835869259705,0.06703319819491976,0.08287626275362492,4
CFMC-20150938,0.04262318995687102,0.20177365206510206,0.07360160194227951,0.04785521457233282,4
CFMC-20151856,0.04751592445378928,0.06938004759020598,0.42741537415330094,0.023870471984522,6
CFMC-20160375,0.054048230815957374,0.07983476175942723,0.6111299490673013,0.027714331084586916,6
CFMC-20151085,0.03648537270801851,0.10087669159446437,0.3735745643526381,0.03451791679942456,6
CFMC-20150604,0.07818809496033978,0.21585194716646047,0.07779529653449906,0.20711202975975335,1
CFMC-20151617,0.07508323107741227,0.2949526291857285,0.07147506674918014,0.10488082556499866,6
CFMC-20150679,0.0724522532290787,0.26053140142175507,0.07850790588471614,0.09463088844404173,6
CFMC-20150749,0.05370122637475729,0.1260910989773116,0.25895974428131097,0.10670247582116567,1
CFMC-20150845,0.042631994009389704,0.12000415879198108,0.026541607705528433,0.12625848110383897,1
CFMC-20150357,0.0222284305629681,0.10692562927305711,0.027719953368359387,0.052428312377010754,4
CFMC-20151177,0.03599194650701125,0.14657218349460796,0.16230904938606236,0.0422235948058668,6
CFMC-20152047,0.05451552882902604,0.25871004446720913,0.0782550814367957,0.02315349160843254,4
CFMC-20150032,0.09323587630988044,0.26155442894251013,0.08793889506508733,0.11408898150070383,4
CFMC-20160036,0.03325622466485235,0.17875859445273296,0.0788024188158812,0.02862720651097798,6
CFMC-20151679,0.07957546747089478,0.3414634889114135,0.06327363257766802,0.11568741104002365,4
CFMC-20151434,0.05235830462592996,0.07287985118785086,0.5823258507864137,0.022165723129535207,6
CFMC-20160342,0.08348180414288142,0.21217343168843542,0.06684789609082535,0.07797305855404829,5
CFMC-20151353,0.07467181957900594,0.2614991126131367,0.07301948604989339,0.07944594539432753,4
CFMC-20150463,0.049847284992512765,0.20869076113557078,0.06120296250840443,0.05714341347406481,4
CFMC-20160130,0.05570735328160743,0.3216456663209279,0.06215763369114357,0.03776207397904836,4
CFMC-20160278,0.06874245214731907,0.26340383958885805,0.07658814752862107,0.05468019488154332,4
CFMC-20150920,0.04563729964159323,0.07689077381499511,0.5625769910279408,0.029180649801185208,6
CFMC-20150735,0.0546237854249464,0.08247884560802572,0.6441469323926914,0.04633664347088823,6
CFMC-20151196,0.08826266633999527,0.31855334231114796,0.08252103550995885,0.10206080530126348,4
CFMC-20151347,0.05102144190316613,0.08185553506055332,0.5562873560300311,0.025121381291963833,6
CFMC-20150162,0.10369610043761553,0.3763860496471155,0.08818593697700776,0.07458905579540409,4
CFMC-20151528,0.044495149220905035,0.10903615577443526,0.4130295160426196,0.0541288341344539,4
CFMC-20150640,0.060286411190524636,0.08188604486905089,0.6070082147976699,0.05081932914275459,6
CFMC-20150467,0.07103813990683724,0.09524005348806033,0.3936598524146183,0.028297248308131233,5
CFMC-20150963,0.05457364561372653,0.08496386769347736,0.602024888200869,0.036215376269705106,6
CFMC-20160175,0.061972219794678804,0.12203664280783286,0.37224896924779033,0.018742168149698014,4
CFMC-20160105,0.08356771376722465,0.29646793296069823,0.06399806191997293,0.10008393841092779,4
CFMC-20151022,0.04146859632187129,0.18682190153591702,0.054545048788327014,0.03423762408559198,6
CFMC-20150004,0.06086967575468445,0.24632946438455586,0.057981739808424464,0.08481912005233513,4
CFMC-20151899,0.08189323813823288,0.08892856421344278,0.43677597282132513,0.028765861190635653,5
CFMC-20150500,0.03398751115075825,0.09442006954432083,0.13164691389490674,0.31137407683858553,1
CFMC-20151458,0.05748827871343964,0.0977078449584027,0.554422519699192,0.029511791411574402,6
CFMC-20150777,0.07504480803904813,0.35266072687447647,0.06576033695053043,0.08153412813594493,4
CFMC-20151719,0.0415493031307755,0.07570793187136014,0.5012272107238973,0.05424282700123985,6
CFMC-20160486,0.040416485495768185,0.1668852643297068,0.04249001556411901,0.03592252032469173,6
CFMC-20151558,0.052660848340839284,0.29711421475700145,0.06443226712198832,0.04733113131863248,4
CFMC-20151358,0.1086466514362139,0.28518685422576756,0.08322247635886283,0.09952059455573217,5
CFMC-20150623,0.06210118740116877,0.21666032456291043,0.048875411420534816,0.10579083865504589,1
CFMC-20151153,0.045978032815276224,0.21575511527674152,0.06346406920546388,0.0713545068404494,4
CFMC-20160080,0.08117824819095124,0.2789681051001557,0.0667596372881443,0.09502383398215203,4
CFMC-20151465,0.06857065674678309,0.27877512464686727,0.06813397448076276,0.08452024412558665,6
CFMC-20160335,0.0573361341222246,0.08427621954145617,0.6208505801388755,0.03165471325626726,6
CFMC-20160174,0.04200511786472183,0.060289319518577335,0.4819767329652924,0.01989549631807521,6
CFMC-20151299,0.0417141376540787,0.3103917969472828,0.05716148123938742,0.035177028603695516,4
CFMC-20151093,0.08072189771132868,0.29164897047140687,0.07051575731998148,0.19172875911266768,1
CFMC-20150678,0.07152999796245837,0.2159589459932704,0.06640646914507443,0.055195495990105876,5
CFMC-20150151,0.11084864676208193,0.2657178990395073,0.08098717726062046,0.11387484836636147,5
CFMC-20160160,0.06386461825078472,0.08482791519674238,0.5416582964174393,0.023934884420747912,6
CFMC-20160180,0.0819558930431999,0.3715899797316407,0.10101879862338652,0.05413098077568599,4
CFMC-20160472,0.040793687807778915,0.24574287598719263,0.042092639674702136,0.04743917259870239,4
CFMC-20151881,0.0541968151930745,0.2700880937605753,0.06940697792269457,0.08076066786818116,4
CFMC-20150663,0.08434689171057003,0.28236696449772686,0.06903919758516895,0.1802469462065341,1
CFMC-20160120,0.0260778112890789,0.21646755097459322,0.009529979600402137,0.017155427366694974,4
CFMC-20150695,0.09072754231129077,0.3414308987639838,0.07220437974866602,0.12526680880568913,4
CFMC-20160369,0.1299813368019966,0.25128902087617416,0.20659216355920404,0.06838747876262519,4
CFMC-20152014,0.04987868388498602,0.22706685870608528,0.05923113575130359,0.07123072906503249,4
CFMC-20150049,0.04751406895687959,0.3013390013581823,0.07198527821539641,0.04974988676365924,4
CFMC-20151598,0.04014963137253694,0.07893209384728325,0.4560816680224705,0.0350060982831331,6
CFMC-20151345,0.05173965492480109,0.08996052458061171,0.48384630253452476,0.020286851293395827,6
CFMC-20150306,0.073989585452693,0.22292691189717992,0.06495274068521997,0.173173497007642,1
CFMC-20151646,0.04528347794555531,0.10148843300970771,0.5593312927038795,0.04899883715718409,6
CFMC-20151922,0.06296931710298448,0.23106188082907125,0.07147923550700343,0.08091813798951228,6
CFMC-20151178,0.04816993622536496,0.20940160502584224,0.1302297337175002,0.07648443931700687,6
CFMC-20150377,0.09105341193402196,0.19249158250522022,0.08530374882008186,0.0597226853121046,5
CFMC-20150400,0.05760813867771778,0.1864686448463527,0.04422051223490466,0.08503603757435825,1
CFMC-20151172,0.0744632948362117,0.31099344366837206,0.06600251425487264,0.10487877540955745,4
CFMC-20160310,0.04715705586581614,0.12021115024344507,0.5147668390922612,0.03581367274719576,6
CFMC-20151658,0.04576787750806469,0.07774130934885495,0.5859953826406856,0.05136499571978607,6
CFMC-20151376,0.07155210858783326,0.2739734505772796,0.0669253286548055,0.12960518694643677,1
CFMC-20150341,0.05034126420978848,0.08577108488706711,0.524450411438913,0.03943723946423148,6
CFMC-20150267,0.04446537519740523,0.3665842060684134,0.05863394886576522,0.07198313653508287,4
CFMC-20160291,0.04199514179544629,0.23760273145517982,0.04576593381737115,0.031779050074859844,4
CFMC-20152012,0.029463852160191636,0.08631837435390892,0.3259393433993893,0.01661176341984356,6
CFMC-20151486,0.0433731824423132,0.07554454212503488,0.4632668521542916,0.01781542327836041,6
CFMC-20150886,0.0472427509207353,0.06354857401506539,0.47432862203314463,0.022723190285956752,6
CFMC-20151109,0.0400140486590899,0.31836143611277423,0.04626683511399449,0.027790112546573754,4
CFMC-20151263,0.03161285230346581,0.12487380596998807,0.0379117860592061,0.0678966376345531,1
CFMC-20150218,0.023714860666624246,0.14044693432206184,0.12395746613598019,0.024380738875333742,6
CFMC-20151349,0.04683363415671756,0.18324571008498944,0.05423343164588186,0.0635133110689329,4
CFMC-20151830,0.046453183617931576,0.06286734066162986,0.4756003641314234,0.018852696494675577,6
CFMC-20151005,0.05729802070939741,0.11499346339185922,0.6011278588828273,0.039080657015916266,6
CFMC-20160113,0.03868034714315814,0.27925242772571185,0.09724363206083105,0.046362054608760465,4
CFMC-20150926,0.07624772796658066,0.2840598189373041,0.06850637950903735,0.10741795764504895,4
CFMC-20151094,0.03807827653817447,0.17052232469842393,0.08021670615541183,0.06412386907857799,6
CFMC-20150348,0.03674588729063546,0.12281254564903257,0.14243979504713425,0.03133510534653106,6
CFMC-20160019,0.05342729329932184,0.07412212077834052,0.5687190629380269,0.024661755542450287,6
CFMC-20151915,0.04772099619312598,0.07841854691990693,0.5887105475746526,0.035149909312314494,6
CFMC-20150315,0.061286159873596986,0.24040886602350414,0.05056191399349991,0.0817053242603424,4
CFMC-20150984,0.05437542311751077,0.11062230342842677,0.37282945415452606,0.05400955399341392,6
CFMC-20150468,0.0514848472140254,0.07377006928809894,0.5357014012933394,0.02654368220453638,6
CFMC-20151357,0.07529579630356234,0.2954259209328393,0.08228118906531266,0.12199709369828564,4
CFMC-20160341,0.08209125339873401,0.2945349521603512,0.06540513639927023,0.09963532470831107,4
CFMC-20150728,0.05321400639809308,0.08383200104617514,0.6262344939477403,0.029822946883853632,6
CFMC-20150630,0.0726085756727176,0.2246921871169397,0.05522866037404172,0.12747057683630092,4
CFMC-20150493,0.08407279829523634,0.33575140920255087,0.06476205449205887,0.10342871928356169,4
CFMC-20151111,0.044297901955462925,0.20852815896432333,0.0602344723474964,0.044481366174058116,4
CFMC-20151810,0.08390427222184534,0.3093852930437361,0.06574286462292908,0.09968643132145356,4
CFMC-20150454,0.1454443355924156,0.26436448480082375,0.10834815410800899,0.044343025498751576,5
CFMC-20150220,0.11037931551541556,0.2154325681643618,0.0785994344846463,0.03769394499347103,5
CFMC-20160489,0.04339982075049016,0.1663871586888996,0.04152486397515669,0.11791892581622279,1
CFMC-20150724,0.08538207481241952,0.2613781361836854,0.05768511155183704,0.16894917286490202,1
CFMC-20150464,0.07086123091123069,0.2871046322364544,0.06637800018554474,0.09678289723015045,4
CFMC-20160448,0.05016880456605411,0.1886108266845226,0.03780656842301764,0.03205577563504759,4
CFMC-20151552,0.04873905617301203,0.27730411294906315,0.058777587233421254,0.05603945869826699,4
CFMC-20152021,0.04387262752088303,0.06723737249763997,0.5441331736001406,0.028967352697125984,6
CFMC-20150062,0.06598203237794409,0.27610840926078317,0.06018473010111104,0.08048344894981681,1
CFMC-20151200,0.0801987530814263,0.3087819870512995,0.08337831717925026,0.09343041637223444,6
CFMC-20151278,0.055471567547777975,0.07239135033525554,0.460758329638449,0.02113485003949308,6
CFMC-20160195,0.03862473959441901,0.06329224830499112,0.4634542923522382,0.021585241487482133,6
CFMC-20151108,0.07112177462083018,0.2933215374464186,0.08271080165499783,0.05284588627775332,6
CFMC-20152052,0.044697294187388256,0.1799779992189152,0.07620412095620338,0.032453918970826515,5
CFMC-20160260,0.058308345877478095,0.08516680438500474,0.65618256914889,0.03367561392196064,6
CFMC-20160056,0.023405389760940015,0.06401745667173285,0.01840669757968408,0.07274188455907163,1
CFMC-20151975,0.059890631175510335,0.0863173519935833,0.6273450751024797,0.03132499050891459,6
CFMC-20160552,0.031881671757135126,0.14240675770526243,0.08500325297399562,0.020963094633670604,6
CFMC-20160020,0.04259377276556025,0.11731054765821952,0.27722985715770826,0.022865822418512025,6
CFMC-20150535,0.07083420037667514,0.09580482358631379,0.4044825840958656,0.036021249084002595,5
CFMC-20150176,0.09226343515240448,0.20238853649853947,0.04054641000073732,0.023775977322677628,5
CFMC-20160100,0.040416079014891665,0.11604392701460484,0.05937913241410235,0.09028331053599299,1
CFMC-20160026,0.08208380247330604,0.2749469132058772,0.06511076281907537,0.06566339955052183,4
CFMC-20150187,0.035659801701134905,0.20702198995989177,0.04498159938371514,0.05104628637461306,4
CFMC-20150882,0.08291966114292756,0.2668706033492784,0.07756099800796176,0.09438786793461482,6
CFMC-20150989,0.04938856472276111,0.08333517136908042,0.5640456983966858,0.025452787733694953,6
CFMC-20160032,0.056012587501646185,0.14600840795803496,0.07659415389024551,0.18205900795344412,1
CFMC-20151889,0.057183041993168565,0.34614225437010243,0.0325497287522604,0.008569419328913,4
CFMC-20151012,0.02641144878176578,0.1287906078071784,0.009325058946816872,0.02297288446423893,4
CFMC-20160551,0.08022825411509785,0.35659565042039437,0.07580645807650811,0.09202080017869735,4
CFMC-20151705,0.05885574195484972,0.10012075556385835,0.6358492479545488,0.028703666291449065,6
CFMC-20150428,0.027571368466087005,0.06960602528745011,0.22822281650157036,0.017456932602035402,4
CFMC-20151421,0.04745470872623959,0.07891592675233389,0.5386236433966796,0.029450165569191437,6
CFMC-20150994,0.04850357472903558,0.07494008490517697,0.5802760308462457,0.02961364285287523,6
CFMC-20150712,0.036297281448854676,0.09617213822993598,0.30824098085607904,0.059289599465130315,1
CFMC-20151003,0.05708073529572839,0.1123841959123658,0.5584591563063377,0.03678179483850943,6
CFMC-20150983,0.055820121725938046,0.08799490640960034,0.6406142253697272,0.028070746494734438,6
CFMC-20150995,0.05227685869746397,0.0829924121528099,0.1638622802615912,0.04297371204602968,5
CFMC-20150523,0.020171184606647352,0.14855930133282197,0.06623669441784767,0.01503281964268303,4
CFMC-20160064,0.07841030482754376,0.30076937100836654,0.08605344355696369,0.10619545203569748,6
CFMC-20160270,0.05129289131068681,0.15031630016015435,0.35712108024543754,0.03586432287831589,4
CFMC-20151100,0.051031674822342186,0.19512170943913304,0.06997855865372574,0.058868057084798996,4
CFMC-20150181,0.07470608003193897,0.30359220038508966,0.09278570680384748,0.1019497206442924,1
CFMC-20150665,0.04635803256322968,0.20058108013565595,0.05188076060005304,0.05967069273879716,6
CFMC-20160161,0.03789952947899878,0.057059681993922445,0.34356237956653285,0.026594688030313438,5
CFMC-20150389,0.07179425869650514,0.17080805060177337,0.039551923242486506,0.0587548583683259,5
CFMC-20150334,0.08706128892318096,0.20627004128394605,0.07243152438301997,0.03423714540985299,5
CFMC-20150878,0.05264968910707133,0.1018877618074307,0.5006528367038484,0.029020238697439023,6
CFMC-20151208,0.06249811205239195,0.2929996740503891,0.08155641951864794,0.05183468326745994,4
CFMC-20150540,0.05287684866219309,0.3280453117358393,0.044014165782101815,0.03377927015014114,4
CFMC-20150443,0.055853201213306225,0.1617542180208781,0.10431088190118158,0.04845206923500448,5
CFMC-20150431,0.04610850721957234,0.06691047712251559,0.38753778020477897,0.04230037831027597,6
CFMC-20151249,0.04830684397466583,0.05777274732843065,0.38307976740610594,0.024354154804311155,6
CFMC-20160249,0.049659219082817514,0.07045454771578492,0.38384798811916077,0.025450009788119243,5
CFMC-20151441,0.04744888175834368,0.23902097704637534,0.06342124447390282,0.05217075239148118,4
CFMC-20151228,0.0815685820437905,0.11694966416960008,0.3802091401834154,0.025439280269860757,5
CFMC-20151914,0.04830268162122248,0.1759026418476549,0.04982930730345974,0.04555299809364221,4
CFMC-20150639,0.03887293737372881,0.06681329701039843,0.4425223504672229,0.026259500255032892,6
CFMC-20151460,0.03438160103196779,0.21230453417836329,0.10548121366907064,0.022832651120598294,4
CFMC-20160198,0.06327177438380412,0.1791131615478235,0.1621544793085677,0.18520417450339438,1
CFMC-20150555,0.05372017046144991,0.0894072930257028,0.5027795272800136,0.020759675899500393,6
CFMC-20160028,0.06442291406728538,0.240876423537295,0.04545180709030986,0.08760501968867139,4
CFMC-20150992,0.05896451644539084,0.0844306692879156,0.57886545108347,0.027739363183223613,6
CFMC-20151324,0.0432025578370141,0.3255497419982887,0.03755321330004697,0.06988496305512641,4
CFMC-20151587,0.05341693380030774,0.27867681132617095,0.11635224479330551,0.06318191705695995,4
CFMC-20160563,0.06186580883224187,0.3823616044355629,0.048497164758483,0.059514227943861686,4
CFMC-20160420,0.02887787813303591,0.14204913038537784,0.14112775148700255,0.03794523999458372,6
CFMC-20151682,0.05188836833450997,0.10336667005457044,0.5725284374467473,0.063883190830839,6
CFMC-20150222,0.08043980445868644,0.2845077612110835,0.0749201832435242,0.08701397151681338,4
CFMC-20160478,0.06887133840383908,0.2202944287205267,0.3682459673777189,0.05687397978362955,4
CFMC-20151280,0.044188242439709646,0.05756813203618771,0.4446001468874896,0.016143478636613088,6
CFMC-20160191,0.054609009935414655,0.21487727228896755,0.20657061271425678,0.060528470915019464,4
CFMC-20160516,0.027160864345738295,0.2420718287314926,0.07728091236494598,0.028486394557823133,4
CFMC-20150042,0.060431801496626865,0.08020659634051185,0.2763534200098906,0.02418465274120604,5
CFMC-20160288,0.04602203163432655,0.09560342176027123,0.5187848072527795,0.022516568620915382,6
CFMC-20160244,0.0669804374118825,0.07637281427740358,0.542873557680648,0.024884301741177024,6
CFMC-20151310,0.05270455916764028,0.07408266940701351,0.6157102247095645,0.031696095102878505,6
CFMC-20160471,0.05039462294340993,0.27314415873404213,0.05625366833898069,0.048778978554995835,4
CFMC-20152032,0.05465873788347427,0.2501994325688298,0.046209309876363874,0.0901089902595673,4
CFMC-20160034,0.06068676216483616,0.2185988655179681,0.08295992099912382,0.039329254467678175,4
CFMC-20151686,0.0597469052278051,0.2641168309818028,0.07117310592810615,0.04782030071942886,4
CFMC-20150066,0.07253017984666038,0.2197340467890174,0.1063442677773829,0.08958048196489198,5
CFMC-20160499,0.05522323878282559,0.22116789720594138,0.06307223403574083,0.07989146868516955,6
CFMC-20151029,0.1037235663102263,0.25799514516425315,0.05604907372162791,0.07685587071787117,5
CFMC-20150316,0.061770313604228626,0.32711806495007617,0.04895663049930106,0.051516693074053606,4
CFMC-20150928,0.034377259155695776,0.13350912344792906,0.03704336815017599,0.09507024924619918,1
CFMC-20151611,0.04654595304126036,0.050599167808024544,0.3169421495391218,0.025473169172032923,6
CFMC-20150446,0.07047437201380846,0.3214774460603234,0.0336702355217292,0.07437794640413888,4
CFMC-20151017,0.07044562570803427,0.2554980420487343,0.12136820112788864,0.08840241682962839,6
CFMC-20150363,0.08086377980220863,0.08937523341728817,0.5363690871785529,0.02416113037118113,5
CFMC-20151261,0.040506382739918155,0.11282268167651639,0.035652359489338356,0.10513622315305061,1
CFMC-20150149,0.05472899956844503,0.1669412446131185,0.10564003698646203,0.06705591601507303,5
CFMC-20150930,0.03721487744746444,0.16545239942872708,0.07985927396501416,0.029973449158794352,6
CFMC-20151769,0.03455591607294396,0.13480577059536647,0.12746712535946847,0.02749551229654539,6
CFMC-20151194,0.09241899478960111,0.28006076597185314,0.07179013640541501,0.09858724569027344,5
CFMC-20150856,0.04453134533091888,0.16026391313950822,0.3040700317385009,0.041134709791072026,4
CFMC-20151701,0.054150796101242654,0.0896574762368041,0.5323332424875374,0.053025151841082425,6
CFMC-20151804,0.05087314375770054,0.10266890205971842,0.40237276486196116,0.05278084149453302,6
CFMC-20151169,0.08121114555212228,0.3417868083998295,0.06433871083003696,0.10686623376873577,4
CFMC-20160510,0.08022825411509785,0.35659565042039437,0.07580645807650811,0.09202080017869735,4
CFMC-20151847,0.04005589279721495,0.12067525087750712,0.11668553364626515,0.08107388871674866,6
CFMC-20150971,0.06153378738309443,0.09188826800100011,0.5846616412966275,0.03464357604655086,6
CFMC-20151510,0.04445161576059668,0.07489195890542369,0.5272117117218753,0.028444713612104416,6
CFMC-20151991,0.07831196545403746,0.43058760133939633,0.07295548540032398,0.05703383669513097,4
CFMC-20160488,0.07572519082920577,0.2970567512666933,0.08124359843272984,0.10813662163353292,4
CFMC-20152056,0.046979723988091575,0.24534921039118454,0.06827161628952289,0.04599285592460764,4
CFMC-20151454,0.05596327136857237,0.2508078758237621,0.048482287578779544,0.06898898947131023,4
CFMC-20151216,0.03794376833538408,0.09269855197960396,0.502133631105942,0.02436690572192723,6
CFMC-20160136,0.05909958578591232,0.08827890455769141,0.6034465086836657,0.021902273700003357,6
CFMC-20150962,0.10729431378552635,0.14041706371029283,0.43668091427944916,0.03355642617344973,5
CFMC-20160566,0.07311702496639899,0.34640955613583035,0.06747177460719224,0.0819671615319578,4
CFMC-20151382,0.059680659296140644,0.26173644827844833,0.08203255855633584,0.04816323709488154,4
CFMC-20151863,0.03915939864664589,0.06074351058101451,0.44499422017305734,0.01920543470184648,6
CFMC-20151710,0.06238140014606594,0.08522985255062626,0.6355702909174579,0.02931845638584999,6
CFMC-20151162,0.04932503997202033,0.3249662823926103,0.02867112524067411,0.05537088572802859,4
CFMC-20160220,0.053850122471060725,0.19488859806065098,0.06814884836909706,0.06242277592677746,4
CFMC-20150530,0.021674821804809268,0.06738975075114516,0.13066906420678578,0.018361601332497875,6
CFMC-20151753,0.06489170907122718,0.29141233726477794,0.05418329223992011,0.08424950352933795,4
CFMC-20160573,0.0658111612422775,0.23707201391053775,0.05437002264120663,0.159988181516323,1
CFMC-20160290,0.058221330534293736,0.12130363452985109,0.38969314846235575,0.03078188647349954,6
CFMC-20151792,0.05276289474776179,0.08403268483169028,0.6236852371777644,0.032622631518645924,6
CFMC-20151296,0.05451583374833284,0.11107299333506752,0.5929320748254774,0.04147909809112234,6
CFMC-20150612,0.032832451059835274,0.12864168395630174,0.14845137884359275,0.023407819473603583,5
CFMC-20150144,0.03330363994412901,0.1557362443025572,0.12862817636964113,0.06694732399905728,1
CFMC-20150437,0.04475099532418594,0.18876785570526444,0.06702155979849236,0.06902480656336155,6
CFMC-20151203,0.0675165416573185,0.21022909306848198,0.0902848122676396,0.05302218458550725,4
CFMC-20160030,0.05960882372604594,0.2760506365193547,0.07518968809155546,0.05068931320150542,4
CFMC-20151439,0.044914669633335624,0.07309096467110193,0.5787808208812576,0.025435767036527192,6
CFMC-20150835,0.07556943677591971,0.24469543450879097,0.0850188234413299,0.0628014116569382,5
CFMC-20151485,0.042725370883968404,0.06158874927488244,0.46165761539936356,0.022263558559432767,6
CFMC-20150346,0.044924262786764695,0.07202068833861462,0.44172079486599425,0.024667587341959882,4
CFMC-20150310,0.06076893174431145,0.12789808250763227,0.026915598532707263,0.05364815644611827,5
CFMC-20150291,0.0764052029402715,0.32286088420345777,0.08085380354518887,0.09786176068722856,4
CFMC-20151428,0.05177220343154229,0.0843214758920596,0.505897845311612,0.024675142031452876,6
CFMC-20152048,0.04630049212334685,0.2937083763105092,0.03773939508983749,0.04160657518598383,4
CFMC-20150018,0.05413954542580653,0.3337857131854324,0.05140207555205559,0.07791404514705035,4
CFMC-20160430,0.060144779502605494,0.138236483203967,0.5172839550059373,0.03433478228749033,6
CFMC-20151346,0.04631332368163218,0.08348827674461057,0.4385672734993348,0.025381126074422538,6
CFMC-20160012,0.04964194207479878,0.07699132235974429,0.4934877900089151,0.025040235879122585,6
CFMC-20150809,0.03230408567176538,0.14602479615297306,0.04344797864166786,0.0532231395335937,4
CFMC-20150629,0.04625400185974927,0.12128047175104809,0.055676200502999935,0.0414952082391439,5
CFMC-20151740,0.04887277289540438,0.071490429669359,0.5542811945662955,0.05116205448184442,6
CFMC-20160358,0.043154990717514975,0.07925541783943095,0.3727464834383743,0.04538364854522039,4
CFMC-20150873,0.04314687901668833,0.1737760727353826,0.15436092836590387,0.08585897702488239,1
CFMC-20160439,0.054604698106665926,0.30044152519788314,0.06662203226145358,0.029312136590860103,4
CFMC-20150365,0.04569952995908537,0.07251393962940912,0.5271442885136034,0.0213089085645689,6
CFMC-20151252,0.05056030137083288,0.08406285633489442,0.5515909019333864,0.03792387139536913,6
CFMC-20151412,0.04503220675396004,0.06893707531449816,0.5617600728537959,0.02427064507774598,6
CFMC-20151362,0.04749374594939664,0.24655954322845658,0.08996073556996852,0.05716244584041359,4
CFMC-20151508,0.04679117448483861,0.07883364095307757,0.5286439070756582,0.029941803802215176,6
CFMC-20151955,0.0519259097296041,0.22105322932877028,0.23516828686627356,0.057069965379699904,4
CFMC-20151251,0.06601602650242368,0.24909459519696817,0.059477650954342993,0.08374506067959848,4
CFMC-20150812,0.08282947175753737,0.31742626315972944,0.0709760702940601,0.10569127171175008,4
CFMC-20152044,0.07606937147656984,0.33265657799803494,0.0753679178191358,0.09282920962933637,4
CFMC-20151341,0.04990988731536141,0.07481030765655529,0.5880905124574575,0.02912477644159373,6
CFMC-20150039,0.056778839310523826,0.10375244588821621,0.5535189860180896,0.04270648553992713,6
CFMC-20151348,0.048751130179599124,0.08832798910853597,0.4528647685556301,0.01981220971721053,6
CFMC-20150109,0.08764927902049995,0.26308188673150773,0.06342380991477507,0.0858450243332171,5
CFMC-20151023,0.047068171991669905,0.14667556729071302,0.02986601758347569,0.06210452884842709,1
CFMC-20160315,0.05020404585101052,0.08743765353509972,0.5754543496413907,0.02883943484346682,6
CFMC-20150458,0.050970643810605405,0.11328979117284364,0.2856590199973299,0.05008054501922116,4
CFMC-20151885,0.08231511391658125,0.29718460101774513,0.10514109452457022,0.08678776196967476,4
CFMC-20151232,0.07194471144939318,0.10185217425265909,0.6408035840123344,0.029149530285613488,6
CFMC-20150324,0.08048080604625998,0.28381455929984806,0.07207844232195534,0.10683606887514652,4
CFMC-20151191,0.034853300044542665,0.10980361887672795,0.22170212426353572,0.047434060263469566,4
CFMC-20151794,0.049129793794851453,0.0984334176437069,0.5099824101004616,0.024272560279161918,6
CFMC-20151267,0.0669998100594965,0.2083908097879104,0.08451301550926701,0.07342969797665942,4
CFMC-20150707,0.04415644699839787,0.07094514625418466,0.4896645858367122,0.026812768279126382,6
CFMC-20160544,0.07451460274385827,0.28656410772868185,0.0831218381773243,0.10125399680468106,6
CFMC-20150215,0.04940827703775328,0.13830734523347757,0.03443986914499476,0.1034259039326116,1
CFMC-20150325,0.04433319815045648,0.08855247552055372,0.4154326742642311,0.03232681335508139,6
CFMC-20150370,0.06480065381112965,0.08594880355644376,0.34543725080372445,0.01809900611441651,5
CFMC-20150739,0.050427661476845825,0.08352801864586125,0.5352167796511484,0.030827540226144565,5
CFMC-20150317,0.06928240743759365,0.22902457822608374,0.08892352786836197,0.11856099225946641,1
CFMC-20150403,0.05617845617773446,0.09109032510821631,0.4363222659468654,0.02246955882779006,4
CFMC-20151288,0.039657117029627195,0.06782706475278014,0.3903081003247715,0.023041051226154644,6
CFMC-20151001,0.029050173426219877,0.1288128867782739,0.1072772484555575,0.03287293637306131,6
CFMC-20151300,0.07221239146402099,0.2980291409918445,0.0885883145439349,0.1036701530001996,4
CFMC-20151399,0.05672922494935647,0.2106617972482288,0.32503342034375415,0.046464446347549475,4
CFMC-20150592,0.05754545395623558,0.18549366384914756,0.05700548722387513,0.07335692949759572,5
CFMC-20151585,0.023755046944344042,0.15234390708979834,0.023365664226823707,0.02467331277351667,4
CFMC-20150449,0.045862684168641414,0.30982318542400306,0.03959065906419848,0.013814380434066114,4
CFMC-20151933,0.10467750378763128,0.17690902667953382,0.2959694615771107,0.07360679865339859,5
CFMC-20150168,0.07084582229961009,0.25205175817539777,0.10350983508880061,0.08083896124778575,4
CFMC-20160215,0.046108946543692464,0.16581275302384432,0.05945165853752682,0.06686193601258347,6
CFMC-20150210,0.032778782594393124,0.12397532146451208,0.04585813831766893,0.03738775762342584,4
CFMC-20151410,0.04106071818817264,0.28229919717894514,0.11797927933248652,0.04014228678187727,4
CFMC-20150867,0.1430502216810886,0.345791077636364,0.09774649517063044,0.1078566499563613,5
CFMC-20160554,0.06383653891403135,0.22413349634672483,0.0936445502135126,0.0787028748431915,6
CFMC-20160376,0.05409625399967979,0.09730851444841929,0.5918977294096327,0.03169750214226833,6
CFMC-20150499,0.05287399429728002,0.1876568562916578,0.0835301463296003,0.07149455863701731,6
CFMC-20151438,0.06297441384897037,0.07617954722419686,0.5331236252417298,0.023374587598146566,6
CFMC-20150553,0.06731785562424811,0.24053225540286968,0.05885802812182052,0.08662519418439504,4
CFMC-20151016,0.07521925636196658,0.3514409963404219,0.0809051091772089,0.09806844093730406,4
CFMC-20151285,0.05940042905267992,0.2287136680079881,0.06326713561431709,0.07169569040193796,6
CFMC-20160274,0.061009849955288735,0.08456566260918148,0.6051330017281793,0.02706926348512835,6
CFMC-20151809,0.02787754382181627,0.21544648061675925,0.06551382712373426,0.02449548177102357,4
CFMC-20151045,0.06671448952413939,0.24168832359694808,0.04126235706748787,0.07341175288834775,4
CFMC-20151255,0.06360276994898285,0.2766274806554582,0.0545951511096456,0.0803127198328744,4
CFMC-20151396,0.08857646524091067,0.09657416959587363,0.3557680592239957,0.03354939104560311,5
CFMC-20151573,0.05109607660139868,0.07652690723266899,0.5496895169033619,0.05241722899230024,6
CFMC-20160010,0.05810011973201311,0.1747219863671934,0.3634955262791779,0.04004600398525199,4
CFMC-20160027,0.09412948776814344,0.2924496595671389,0.05968568319619242,0.09104860230434618,5
CFMC-20150478,0.07533925094183168,0.29573174804569224,0.06584475285568206,0.10039768099261497,4
CFMC-20160066,0.043341509862752856,0.1805809868659644,0.08629211871833864,0.04462409423036345,6
CFMC-20150645,0.03695056177387469,0.07222805501416824,0.272575676250758,0.12935681807231017,1
CFMC-20151575,0.052661834499034305,0.0762908633285028,0.5491859565744741,0.05159107532771862,6
CFMC-20151976,0.048854380197202764,0.08393156777048721,0.4679108057390126,0.022254065965428615,6
CFMC-20151253,0.04388740859570908,0.05653313509184197,0.5363487573306426,0.021125435823911846,6
CFMC-20150178,0.03787888203547674,0.13553631013480671,0.047145180526692046,0.046106293969691174,4
CFMC-20150512,0.05852471529730947,0.11764157671402062,0.5926842741287291,0.037601046763166536,6
CFMC-20151339,0.06571931155214997,0.08776512446907851,0.5209744675001002,0.039826810764385684,6
CFMC-20160084,0.06907518796460906,0.21874891032021038,0.25536611710634166,0.040143117942172256,4
CFMC-20150163,0.11290585110707191,0.21023864973557216,0.08183466730359021,0.07263277215227312,5
CFMC-20150527,0.05034268884802368,0.14681351438842488,0.2712085274391893,0.06496860265769551,4
CFMC-20151275,0.052603333372191724,0.2636360951099157,0.08115454578000761,0.03850346163532088,4
CFMC-20160556,0.04282527469607633,0.15531157524292372,0.05658208728260135,0.05297337047070625,4
CFMC-20160363,0.04344350398658598,0.06975813806398205,0.4824522505449257,0.029346107404506362,6
CFMC-20150950,0.0631169770627248,0.09698039020900202,0.6060249965921194,0.03387763613615375,6
CFMC-20150783,0.07820295162560918,0.2674735885823845,0.08619932279927237,0.09148862297404228,5
CFMC-20150421,0.07879350756343229,0.18483318908264196,0.08909006911974053,0.04728323423418522,5
CFMC-20160024,0.048727274289373367,0.21328323712062291,0.05072640478747617,0.03972210019597019,4
CFMC-20150375,0.09610742649579779,0.2912640621676354,0.08075264443489401,0.0979136027507294,5
CFMC-20160311,0.0437766375587028,0.08144610550312853,0.534472412015984,0.027804844922184723,6
CFMC-20151655,0.051331207913920186,0.09419898016064943,0.5379805046569139,0.05648930726851641,6
CFMC-20151564,0.07643982243831113,0.33852084561587664,0.081646488728856,0.10143205890323076,4
CFMC-20160068,0.028089233799498573,0.0856061049722225,0.10715727395870782,0.029147387269571095,6
CFMC-20160095,0.0470805642921814,0.07718462720091764,0.5906062349143789,0.028718317182265727,6
CFMC-20151698,0.04599087239398104,0.084901379552854,0.5099660798932562,0.043352194475698325,6
CFMC-20160339,0.10509325808237674,0.4282610772377889,0.07722720670346413,0.05608512464303681,4
CFMC-20150786,0.05380190660067343,0.2895691508416868,0.045024282562529085,0.06160465999511071,4
CFMC-20151361,0.058446546565145835,0.3950674009211492,0.0677372476492929,0.04396619616875993,4
CFMC-20151688,0.07768817896989143,0.30889450866683027,0.09583100780069825,0.09505109329497438,6
CFMC-20151426,0.05143145690324504,0.07552289641974977,0.583296763850665,0.021456199899510944,6
CFMC-20151626,0.11638714268751058,0.23518993822219206,0.05629776985294083,0.04667060378281105,5
CFMC-20150907,0.08778023570226355,0.2377028804170861,0.0648633530418487,0.15986273585972233,5
CFMC-20151418,0.08391568659170859,0.09953333652407433,0.4981791101080344,0.03265758106189695,5
CFMC-20151502,0.04063170210859208,0.07800423924318742,0.5257266947697524,0.022304030545134832,6
CFMC-20160145,0.09463799994312612,0.26732215094120054,0.06090632369191447,0.09992172917711013,4
CFMC-20151700,0.043505398065694256,0.09954838515313816,0.5673415178644595,0.05047426413409937,6
CFMC-20151007,0.053326330556423426,0.08292454880964292,0.5935661423713247,0.028803667917781637,6
CFMC-20151497,0.06211046332953659,0.25046656295083897,0.20774212245457424,0.07968085126505016,4
CFMC-20151795,0.048742088492262,0.08054204741668883,0.5866154369132277,0.023230861960430334,6
CFMC-20150301,0.03544907900120877,0.10108674955390673,0.2891403689860719,0.023303394295547314,6
CFMC-20150958,0.0576855206473411,0.0959859721178946,0.62994237307586,0.03120094897371922,6
CFMC-20150977,0.05517723459151121,0.0838632436458676,0.5758524848408446,0.035107036921776746,6
CFMC-20150990,0.05717075168963114,0.08277508348134516,0.5761982163882645,0.042476638095931676,6
CFMC-20160517,0.02946635202877549,0.11241295499671261,0.10139245814370713,0.029455507558077486,4
CFMC-20160033,0.0486552107016486,0.12842801915524626,0.08187518830863669,0.16160232949801986,1
CFMC-20152022,0.08073844117136708,0.29079870300898364,0.06278771651108492,0.09900847264189772,4
CFMC-20151980,0.04405055314025376,0.09519732644632914,0.5238830575089344,0.03686906290448284,6
CFMC-20160474,0.05200024648865844,0.09981556725071485,0.3684700996425336,0.05547166237566892,1
CFMC-20150145,0.03330363994412901,0.1557362443025572,0.12862817636964113,0.06694732399905728,6
CFMC-20151259,0.06408553662631354,0.30964004883138,0.052598683331328305,0.07367573121097816,4
CFMC-20151127,0.08050624446639894,0.12935076072817267,0.05998628698452938,0.04594618150510954,5
CFMC-20151741,0.03965491713678029,0.1562241025223494,0.052744761169862535,0.1469806147754034,1
CFMC-20160374,0.043507508465892124,0.1686338105960487,0.33698197215412823,0.04062029852752076,4
CFMC-20151015,0.08069992001553979,0.30690661903611205,0.06894403359056922,0.1124149445991583,4
CFMC-20150413,0.05725456110564455,0.07314453506482328,0.44556156598779945,0.02930249573646961,6
CFMC-20151092,0.0902181774691969,0.24571021720350394,0.05635844420467488,0.09256164597110915,5
CFMC-20151918,0.046279111818592795,0.30050040989587995,0.07762433505559568,0.030141597775386084,4
CFMC-20150898,0.042144931384378345,0.06841664643858508,0.5052331692914813,0.0230941417744443,6
CFMC-20160323,0.05690604329014199,0.10937241719112356,0.6559147050040727,0.03494969165751888,6
CFMC-20150208,0.060343809029001154,0.06643357957302587,0.4733730846753506,0.024849526722622466,6
CFMC-20151845,0.05305379279056018,0.2572819561355534,0.04765519832168312,0.032541597130901635,4
CFMC-20151440,0.05354999704009063,0.07723279697145068,0.5608692486966969,0.03334795729176192,6
CFMC-20160463,0.08988991926489412,0.23729703710790986,0.07872266336770446,0.051717498903559464,5
CFMC-20160508,0.09313539202565237,0.11858296813568187,0.04855734066118419,0.03139096584414824,5
CFMC-20151409,0.046487593787649495,0.06460226481189948,0.4585761825434837,0.020077548600557157,6
CFMC-20150074,0.029767764930468767,0.08832731365944585,0.03866126159825435,0.10186434946700343,1
CFMC-20150627,0.07089044030819361,0.09149210293797269,0.5494171478296569,0.03820030892417693,6
CFMC-20151447,0.05165180225487131,0.0904040684739283,0.5376400538994303,0.027621148542501885,6
CFMC-20151290,0.08844930932754351,0.38717869558949264,0.06464186465544045,0.10678895395693519,4
CFMC-20150175,0.0876017540381989,0.3509627394073232,0.07618967279878801,0.12111539897308096,4
CFMC-20150570,0.08021648714224318,0.28783024899050597,0.10197754382361675,0.08997572004363408,4
CFMC-20151266,0.07864922390764335,0.2323591531453229,0.06312205601738814,0.07323798798227714,5
CFMC-20150885,0.05740102325915373,0.09723199564210079,0.5850543649229981,0.0460269018900332,6
CFMC-20151096,0.059393418878117825,0.15230581031514065,0.13413717755920254,0.05231174139568716,5
CFMC-20150815,0.02043426493074946,0.10099330145518536,0.03181016514719405,0.0309727947826606,5
CFMC-20152033,0.06337180669877254,0.22627344725089266,0.05381511680453052,0.07033273269408011,5
CFMC-20151759,0.08273703379470053,0.3809435473525182,0.09262197967487842,0.09961141767252658,4
CFMC-20151569,0.047182000964528466,0.10632766995999549,0.45500847342095785,0.06495124340962034,6
CFMC-20160126,0.037037254709446486,0.06360175902233901,0.37911957736086543,0.0202414089073491,4
CFMC-20150811,0.052223667709206056,0.16992527886790604,0.047181988448114415,0.10729244159815012,5
CFMC-20150632,0.04975207976555887,0.07157668492247282,0.5428784348863522,0.04033825497107065,6
CFMC-20150715,0.05334114537595461,0.08275685917141014,0.5997956863640591,0.03077297575524291,6
CFMC-20152002,0.06214499486311401,0.4096484353428041,0.0641463295421486,0.03548881168050474,4
CFMC-20160348,0.04438157303946591,0.15768008835319597,0.0732963231598829,0.03807485126835078,6
CFMC-20160399,0.07380948137500384,0.21372808842284127,0.05872905849617264,0.17486013226936256,1
CFMC-20151467,0.07474559023637721,0.3066536679794215,0.06853524976446616,0.12279276474700783,4
CFMC-20151318,0.047851899210920125,0.09710654069792439,0.5431214526141076,0.030670107477048077,6
CFMC-20160177,0.03863995157138307,0.08388627140023455,0.03888138665907741,0.08859239036930497,4
CFMC-20151154,0.033720914231979766,0.24602143743695223,0.12191394373070152,0.021420627677289576,4
CFMC-20150617,0.07861823911143143,0.22563511886503113,0.09953090640162707,0.1778483886831349,1
CFMC-20150423,0.04067572426123071,0.19123280703080156,0.060314469315403824,0.030357644553854216,4
CFMC-20160141,0.0885417818145251,0.276612688621674,0.08146339771409165,0.06689564536322282,4
CFMC-20160313,0.047799225778465314,0.08321239644075894,0.5679435609679002,0.026044816812875664,6
CFMC-20150401,0.08906637030657036,0.332695493709186,0.07819952530428424,0.12503861067995933,4
CFMC-20150884,0.06395440079444627,0.2500956318177831,0.08452996919856988,0.1595595330729217,1
CFMC-20151264,0.06518669371466825,0.2767408605292517,0.05311240657603456,0.07953631036648613,4
CFMC-20150186,0.06815421386750775,0.2613071044040371,0.06957235885709304,0.07771050891787373,4
CFMC-20160273,0.043854674859735876,0.07112437246871708,0.37640285816422664,0.01739002433188181,6
CFMC-20150455,0.050758385457049235,0.08937439813260516,0.5860171320716253,0.031425841914478024,6
CFMC-20151747,0.06883897776123687,0.32806765446859715,0.07243409621844071,0.12325186414431792,4
CFMC-20151240,0.06772742435740405,0.32291236445863014,0.05589518573332455,0.09513169211730793,4
CFMC-20151372,0.02466226704694934,0.13184092215473978,0.06871379672674366,0.021974025307522273,6
CFMC-20160072,0.06755708443792037,0.258764282286317,0.1184909548208399,0.07242905776526752,4
CFMC-20150197,0.040563596668223144,0.17268757281203997,0.3872756797424021,0.02447315077733476,4
CFMC-20151283,0.07110061530402634,0.23822371694643643,0.046011216989319904,0.09466445076021728,4
CFMC-20150657,0.055717997577230664,0.0948172026423428,0.6060578018684024,0.03651044618788632,6
CFMC-20160307,0.05634659641420624,0.20763668852645126,0.2508653206865265,0.040706949928371566,4
CFMC-20151503,0.09864714452194548,0.344886356229578,0.06682336194988889,0.08223572989118029,4
CFMC-20160236,0.0459528284299978,0.1455680109126285,0.03473735234843703,0.05945609402322241,4
CFMC-20151854,0.058601875699755036,0.09760153074572306,0.42498696105862166,0.0417604521680314,6
CFMC-20150579,0.03827987069166123,0.10982986836462612,0.21383759738537494,0.0173630083859239,4
CFMC-20150153,0.04036408744743158,0.169727191367631,0.08702520584060829,0.03621684867766248,5
CFMC-20151860,0.01398432790837854,0.15512356841470762,0.029686558167570827,0.0012055455093429777,4
CFMC-20160217,0.10611841228815805,0.338979672174166,0.08162681669355493,0.13116983568622628,5
CFMC-20150476,0.05707470240170259,0.2006775871801586,0.06103464521602915,0.07145696764113407,4
CFMC-20151903,0.06539359721800439,0.2930169172563108,0.08957134850310937,0.0862647123650412,4
CFMC-20160043,0.08126790915835394,0.26590950872164293,0.07001675254416048,0.1015224071159494,6
CFMC-20151515,0.05521808326524985,0.08025313878632936,0.5690401857484764,0.02719590927311522,6
CFMC-20151831,0.0611069816794271,0.12233582914624175,0.5415617395424217,0.024995449631909514,4
CFMC-20151044,0.04106659126333407,0.09148826830197009,0.3730890195257433,0.036022787575619226,6
CFMC-20160098,0.07888076310339975,0.3124468602506948,0.06298091502168318,0.0805751825544548,4
CFMC-20151276,0.03960883854790305,0.08064845551649755,0.4575950340369445,0.02679883468935262,6
CFMC-20160002,0.018260189598108354,0.0874688827962307,0.1223416486353786,0.02192927897028237,6
CFMC-20151205,0.06575693882413396,0.3285602416226097,0.06606972304509774,0.06592888598184271,4
CFMC-20151291,0.04180666038622144,0.06722694261215814,0.45458984706674277,0.024611844052524805,6
CFMC-20160520,0.0730869017587408,0.2728174648443384,0.054226127824079866,0.0970762094834555,4
CFMC-20150419,0.06141566476287468,0.21262198819096145,0.07447115741948333,0.15895387619384474,1
CFMC-20150833,0.05104279035526831,0.18434932764377307,0.07862797987935753,0.043122759264458146,6
CFMC-20160501,0.054991892065671975,0.29540566820331976,0.055622923035507976,0.04397951669550026,4
CFMC-20151423,0.03575932905013944,0.08226668389412663,0.45838735903473127,0.023586628021002802,6
CFMC-20151537,0.08316110297424327,0.36034201425587353,0.0696056755857039,0.10507302536599748,4
CFMC-20151687,0.05249868894716012,0.2601606504297674,0.0856529150432796,0.03805138194342927,4
CFMC-20150662,0.07542051857060729,0.07946543343139716,0.31902005923494076,0.02609398876305485,5
CFMC-20150105,0.05707614579448882,0.19413776652697673,0.05484740846503333,0.045501179213501164,5
CFMC-20160076,0.04204972457161397,0.24742957340112787,0.034896500259589645,0.031788585329312405,4
CFMC-20150333,0.06111727018509334,0.3242138762509294,0.08049209994629306,0.08973230917323984,4
CFMC-20151081,0.06221173134692468,0.23493296595041577,0.06346946761809404,0.09036622724142819,6
CFMC-20151160,0.048338938449347814,0.2324596162638232,0.05870565071292801,0.03549579457390102,4
CFMC-20151427,0.05902319793587946,0.1030431968135542,0.44132868167250683,0.024055903970216445,6
CFMC-20150687,0.0710507167725116,0.2156272767349188,0.1015873345983831,0.20822589996436192,1
CFMC-20160109,0.046129751169703075,0.06937939465097247,0.4533209538001411,0.020913490122773187,6
CFMC-20150036,0.034273580929005516,0.17053379431222926,0.04163012158118134,0.027756051564680678,4
CFMC-20151583,0.04431695273307961,0.17997167816549411,0.1117342767910094,0.05871393441568006,6
CFMC-20150831,0.0726376363709496,0.34291246480303933,0.09062199082975401,0.08473699890534798,4
CFMC-20151952,0.027993048015470954,0.13354450831576883,0.06826628747968701,0.04904231003522706,4
CFMC-20150501,0.050817987594480016,0.18785709521390434,0.1665393644777872,0.041214124142399854,6
CFMC-20150519,0.05120450019370306,0.07404003949375874,0.6289168371797196,0.03995627019164225,6
CFMC-20151912,0.05659057621246037,0.2961990972082651,0.0752231327489362,0.07198719383033833,4
CFMC-20151758,0.05433826885253354,0.10532345729150382,0.6111714270011748,0.034722402410343495,4
CFMC-20151432,0.06462577579714437,0.10624222593559976,0.5514516217116313,0.03278241737195108,6
CFMC-20151112,0.07568608722538141,0.2665494964650122,0.07325692903235839,0.1559360587058194,1
CFMC-20150513,0.06267649217467619,0.07738171359890328,0.6282778556679336,0.025781585617310546,6
CFMC-20151311,0.0423454188169674,0.06475982040197963,0.5056684412175524,0.02137266102691539,6
CFMC-20150515,0.08912597062211942,0.34082903784365637,0.10097575245644462,0.11423052940035996,4
CFMC-20151273,0.10009019006792254,0.2609123801222656,0.034384601214980375,0.037946161928164766,5
CFMC-20150142,0.03732877324310813,0.14926301960679042,0.037642881309353664,0.14243199250741448,1
CFMC-20160261,0.05997392570161699,0.08699144903155909,0.5447418469836328,0.026241496231909054,6
CFMC-20150850,0.06164504448620789,0.25892137585713304,0.1104133309758774,0.06902024868078162,4
CFMC-20151833,0.04425227925035025,0.05888111593036138,0.4560335779386501,0.017104213321316234,6
CFMC-20151121,0.05386999905459956,0.2070783777527817,0.05742682987287947,0.21495812665307257,1
CFMC-20151222,0.07320881060717266,0.09696752071435125,0.5764985661652868,0.02076696297830568,6
CFMC-20150970,0.05113525041275047,0.09447323659851108,0.45593436571150525,0.027028575848661803,6
CFMC-20150362,0.06681296001108114,0.2803761005564985,0.05396984616645697,0.10265788715909313,4
CFMC-20150505,0.04873533427752159,0.22890472273323473,0.053699523172195555,0.06866041981704823,4
CFMC-20150407,0.04186555191695702,0.18844340558558412,0.09665489973323713,0.0366725064005854,4
CFMC-20160443,0.047971928413481,0.25092467309574734,0.05301106771091544,0.03142566411318948,4
CFMC-20160218,0.053412475557917075,0.29098554754255257,0.05673950518980266,0.08219580504306097,4
CFMC-20160380,0.05042824029908146,0.07213375555460799,0.4933781464878019,0.0250854986841498,6
CFMC-20150603,0.04399045073016853,0.21102232022024775,0.06396419801257179,0.03734487011747173,4
CFMC-20150385,0.043356829642595254,0.05285985852750143,0.44700532992265524,0.020880546009812248,6
CFMC-20160314,0.052338022618784556,0.08221124472796915,0.613651077491451,0.03304965516179542,6
CFMC-20151306,0.023854614442359885,0.35573181161145745,0.02649823003083872,0.010582010582010583,4
CFMC-20151052,0.06166679570345686,0.21176216126117417,0.06396715642778475,0.14260388660758422,1
CFMC-20151000,0.03879859313963874,0.24771371786475166,0.045033102385496085,0.03687563924169248,4
CFMC-20160514,0.03483858273890533,0.2012721153920157,0.10056762715598161,0.029350382847068656,4
CFMC-20150911,0.08294274437482653,0.14782468379240626,0.06325017942050587,0.05213623856610746,5
CFMC-20151171,0.06653022812954239,0.3230576144562481,0.06339130015881098,0.09049911812496383,4
CFMC-20151119,0.05928530353927548,0.21222193143966347,0.0632823301027692,0.13698462846667878,1
CFMC-20152038,0.04661124067044811,0.19050142210085347,0.0811644122990161,0.061722924929682337,4
CFMC-20150996,0.0620539187528333,0.09407923427784584,0.5867786746208263,0.02851674377706601,6
CFMC-20150952,0.05005232557669746,0.07606288101134488,0.5455421761508769,0.025312314230777802,6
CFMC-20150647,0.05237225015492567,0.07278591584225792,0.49885130599507455,0.017781572783861298,6
CFMC-20150329,0.05950974950050509,0.11085153979017802,0.5313247486447574,0.054411523040169135,6
CFMC-20150517,0.06421201649663996,0.2632465655575187,0.09264766533122004,0.09271426543513417,6
CFMC-20150738,0.04695118809603237,0.06603246281669645,0.4820274737395055,0.029988875347765766,6
CFMC-20150667,0.07817062660954312,0.2468906369595059,0.07289272979975112,0.05856774576163468,4
CFMC-20151782,0.0680189394735746,0.3002733617676481,0.051968487981438986,0.08917317304148906,4
CFMC-20160153,0.056591779698497005,0.08304655218321184,0.5771727403502199,0.026778671357815,6
CFMC-20151167,0.053904443735760046,0.12175550150249075,0.6267145331374316,0.04137552162431762,6
CFMC-20151471,0.07150199048696873,0.2506205147839845,0.06878680814747914,0.09393917143005248,4
CFMC-20160480,0.05679443647840169,0.1951528726759985,0.23804147335665493,0.043344550822278186,4
CFMC-20150870,0.08017965209875866,0.34098412015975105,0.07846158927406371,0.10037463846742664,4
CFMC-20151947,0.06192563659657379,0.24896479897194213,0.07418811706294597,0.06946690191399263,4
CFMC-20150025,0.05138925349999204,0.1802437815006398,0.053826529242611595,0.173999895216216,1
CFMC-20151981,0.08803070151096018,0.2863337772725342,0.05762434271592039,0.08801117850058522,5
CFMC-20150361,0.036647415104759724,0.27836711336306824,0.031948274940393956,0.03601591999603344,4
CFMC-20151472,0.05316256912327032,0.143008096914249,0.05220745591176639,0.13257425900309514,1
CFMC-20151168,0.041223651968431675,0.08662481472433704,0.5222763944527369,0.026345727089788655,6
CFMC-20160294,0.062304677586875336,0.09155770706072477,0.6316856376768298,0.023975787199379643,6
CFMC-20151419,0.053766324914825823,0.07764513147540486,0.5525378005927885,0.024384076350314147,6
CFMC-20150404,0.047185800867213856,0.23329902826022259,0.04860925051164707,0.050905920360916415,4
CFMC-20151448,0.04939970945168938,0.07155620871680714,0.5085673530543469,0.030051196862262947,6
CFMC-20160283,0.05449697880931605,0.2547836979927805,0.03442888620269775,0.04844729974030365,4
CFMC-20151214,0.019574590399540095,0.21754482941605677,0.047603201627346506,0.015277378557056626,4
CFMC-20150615,0.05408886576952601,0.22634163719576905,0.07454094511308092,0.06531840699408778,4
CFMC-20150758,0.05765562818480558,0.07591869215095769,0.40307532823828457,0.016921779997380777,5
CFMC-20152037,0.07719467836072591,0.2652627666844768,0.06368456387849239,0.09385799107630495,4
CFMC-20150745,0.043170117014623095,0.09097875100398407,0.18916602833897544,0.11418510364241745,1
CFMC-20150382,0.04740376110852455,0.06539357904788923,0.5044864188110753,0.019079877396147308,6
CFMC-20151622,0.06314718383985429,0.23260080883885123,0.042830116194897024,0.14142189112639744,1
CFMC-20151198,0.07561586482339867,0.36963757383422857,0.05365424829365534,0.10109231304871737,4
CFMC-20150439,0.03435189426159785,0.21858928220899035,0.023123732251521294,0.018052738336713996,4
CFMC-20151825,0.05642620161445202,0.09574082834010164,0.5977990338129199,0.027811714010304245,6
CFMC-20151752,0.08061844896388988,0.3074721072842672,0.06357906958786735,0.10005451209501005,5
CFMC-20150611,0.11657693884226804,0.27066715324245155,0.06850515335789739,0.0748629994553422,5
CFMC-20150041,0.030985915492957743,0.13346747149564048,0.026760563380281693,0.20878604963112007,1
CFMC-20151179,0.04097085600122284,0.08876950263750213,0.48389175589086886,0.0252567743592951,6
CFMC-20150696,0.0447691454509225,0.2001439392351363,0.03028843241595265,0.11368737178687745,1
CFMC-20160146,0.044913369618651805,0.23921245681876463,0.08576205046831488,0.07011212309426867,6
CFMC-20160086,0.04734808536834752,0.08141902036991745,0.5277505822334956,0.019952900263533708,6
CFMC-20151188,0.040854460215925786,0.06105047795403073,0.47093667738736794,0.021752979037270283,6
CFMC-20151667,0.04086440756076935,0.07761188607291795,0.5163150865715728,0.04378004836616855,6
CFMC-20150016,0.048840582632275885,0.22820499801095281,0.06084115469528877,0.05497040751862542,4
CFMC-20160045,0.04152866260562104,0.19328208026247493,0.03210232135871598,0.04261074529699754,4
CFMC-20160296,0.058331534608123,0.0924896336702528,0.6389489662692173,0.026019339136617456,6
CFMC-20150219,0.06007618363543488,0.2326836462433294,0.05698518740769113,0.12084321800766187,1
CFMC-20151470,0.06645041479647937,0.27839866816862635,0.0948687378323925,0.060282179202501784,4
CFMC-20151565,0.05746256868690432,0.4056769580866876,0.17106429042579044,0.017970095844095896,4
CFMC-20160546,0.05638471617834222,0.27980111839777455,0.07769270659241706,0.06689068960069691,4
CFMC-20151430,0.055083581739657494,0.08427269985998839,0.5902349576941388,0.027984518281973004,6
CFMC-20160564,0.06984446946728147,0.23490131678049134,0.05419197636160996,0.11993547682723688,1
CFMC-20160241,0.044957635849539566,0.059303218235389116,0.47069239863765133,0.020284842515515343,6
CFMC-20160050,0.03354729474480886,0.10653844812645481,0.10879489185354792,0.10111936527518842,1
CFMC-20151638,0.08011016327663316,0.30870184943775336,0.07917214572568836,0.1254224349665185,6
CFMC-20160410,0.07920763566873734,0.0942508241176655,0.5558299026256988,0.03541751994083968,5
CFMC-20150001,0.08969463761653547,0.14049368335088694,0.10868821155599075,0.0434764086530575,5
CFMC-20160094,0.04681521355067476,0.07833609614437335,0.669420469290292,0.028957632779365836,6
CFMC-20150748,0.07466627453708724,0.28317772422114557,0.0596806128611685,0.10247538838059858,4
CFMC-20150732,0.03982425761983406,0.09812225277359624,0.39240314011820715,0.0228418388500647,6
CFMC-20151243,0.042156932745443486,0.07819546485219867,0.5201537316649564,0.026160537404068082,6
CFMC-20160345,0.032055095792277534,0.15615596238147428,0.09824602268524073,0.04265684319164034,6
CFMC-20151808,0.05027750956375571,0.306011289187785,0.0845672184035964,0.016286839987720077,4
CFMC-20151827,0.04902656476779268,0.09084204307675554,0.5414692754391037,0.02918843250582184,6
CFMC-20151107,0.06055534012171294,0.31880057269284645,0.03767029999691395,0.011545215759955195,4
CFMC-20150524,0.03161210638659326,0.14170523846966818,0.055657156573093655,0.10435883190397827,1
CFMC-20151985,0.0726585488080428,0.31945212692971775,0.07985798504323378,0.09213390332156983,4
CFMC-20160498,0.0785643398834308,0.22635138695555934,0.23604648110566787,0.19237112538867532,1
CFMC-20160405,0.041644303232299756,0.08630761361779368,0.34507442572351804,0.02697365742638855,4
CFMC-20150528,0.032650401818308014,0.15584070651844445,0.022531598548938197,0.024271410761368156,4
CFMC-20150380,0.05403537440394158,0.08967687940386022,0.5815587134847278,0.02472903270747057,6
CFMC-20151018,0.07786831553856063,0.3051619474029039,0.07487852843673634,0.19800518711642273,1
CFMC-20150383,0.04954158993812094,0.07058920351335098,0.5483169474501135,0.019052259098414657,6
CFMC-20150717,0.08314987793989251,0.32817675420765297,0.0736156216071339,0.10172441291198728,4
CFMC-20150562,0.07388222540254924,0.25794584147270644,0.07940032388931358,0.1258086462724678,1
CFMC-20151354,0.052505008394998595,0.21535657530276245,0.06645105159879083,0.06812638909369208,4
CFMC-20150514,0.04396413512952542,0.06586943092822929,0.4757606206069322,0.020466419395919238,6
CFMC-20160287,0.04355328827094689,0.0814219711982958,0.49072824863206144,0.02318538078758484,6
CFMC-20151869,0.03804030130649631,0.1556708712938609,0.24746336899925064,0.029413693694509812,4
CFMC-20151319,0.04436728960868331,0.07136959612567868,0.5083084645908827,0.021787983008088558,6
CFMC-20150224,0.06602971406125104,0.3509107710862857,0.04841789641145486,0.09019717399656402,4
CFMC-20151989,0.03200839897834748,0.1655440246237093,0.05827662858184682,0.04046724411239272,4
CFMC-20150973,0.0780697873251252,0.08661642212957352,0.6054765673870565,0.024709018030039723,6
CFMC-20151925,0.06707158604925088,0.13063900273045284,0.28370687814714557,0.049194777971109944,5
CFMC-20150892,0.04392307131136162,0.1738366497614583,0.038931638280327446,0.06038181137855993,4
CFMC-20152041,0.04509156987418631,0.26341269957340885,0.27999695187204443,0.0781654453470271,6
CFMC-20151557,0.031381951482903576,0.13073376223913857,0.02490282525615759,0.028035224462660456,4
CFMC-20151257,0.11420445377285705,0.2920772717544778,0.05883317240421222,0.08628697122733141,5
CFMC-20150838,0.05530834911847213,0.08697848023295987,0.5417658340019553,0.030233050932326998,6
CFMC-20152054,0.07716809091336445,0.40168514152448365,0.07917822440656767,0.04723170105032105,4
CFMC-20152069,0.07162357392891647,0.3012497501262,0.05776975435924055,0.07783149785682941,4
CFMC-20151872,0.028178273562996296,0.14854677767185487,0.09843676419655525,0.032530492260901295,6
CFMC-20160055,0.04526177071525771,0.07019797038682568,0.44994474971401077,0.022830803301552943,6
CFMC-20151723,0.04362341825309655,0.07754798152889857,0.3319321770080305,0.18519429555039987,1
CFMC-20151433,0.052207192166648354,0.07034821089700821,0.43307684750709696,0.02770108276257981,6
CFMC-20151350,0.08376444612584845,0.3207181149402809,0.07394104183447053,0.10811485863786167,4
CFMC-20151536,0.08649985032153426,0.35212380752278716,0.06812756149863303,0.10084371736590624,4
CFMC-20160137,0.06672136853045674,0.08265060561681045,0.6242578884282279,0.020487784483328414,6
CFMC-20151614,0.09656961641882869,0.3303698210306033,0.05777263247594667,0.0897560151810043,4
CFMC-20160280,0.0514794573638298,0.29411679431446563,0.0785383238744686,0.03928005859357743,4
CFMC-20151956,0.0519259097296041,0.22105322932877028,0.23516828686627356,0.057069965379699904,4
CFMC-20151455,0.06079831465940894,0.09604962411226806,0.5345602150152646,0.028591846213058426,6
CFMC-20151562,0.05003298983244865,0.18927545664173837,0.09173765490698249,0.109430089095021,1
CFMC-20160213,0.06912309353178678,0.2769053981423749,0.06937089965298739,0.09975212382436609,4
CFMC-20150908,0.05789303190235872,0.29689252872383903,0.06251510642266422,0.08954864801963126,4
CFMC-20150755,0.0533456490929819,0.08490054143363422,0.57753835551735,0.04283614361120638,6
CFMC-20151380,0.07361196118584451,0.28874505802849365,0.07835190704055596,0.10708519139216455,4
CFMC-20160006,0.07100675198930795,0.23710332992676672,0.19925557361348606,0.048189900025994825,4
CFMC-20150433,0.06803693846784238,0.17660503344072573,0.18934182374092423,0.1757723019114832,1
CFMC-20160021,0.06379620830169191,0.16699950364399563,0.47146745651036503,0.019959053766169778,4
CFMC-20150787,0.06322493348021889,0.24588061165911665,0.06072459131990183,0.06054961037620565,4
CFMC-20150981,0.060725803540752354,0.08396940271271254,0.3754707787019056,0.018295553506168065,5
CFMC-20151422,0.05402380174324438,0.09546601900953379,0.5600254944006446,0.027326790109735148,6
CFMC-20150872,0.03848708595326088,0.18584381567354508,0.03897667928352432,0.04104024517662623,4
CFMC-20160565,0.03925208118640344,0.2755209748296803,0.04206737689922621,0.03276995669507979,4
CFMC-20151202,0.05173226005120503,0.08647474957626648,0.6072192337498592,0.02876730500976616,6
CFMC-20150980,0.049528483265640875,0.08256496753232857,0.6031524453025838,0.031420770566113414,6
CFMC-20150465,0.06874327229756597,0.11532475705623026,0.6003715547262763,0.03374223410174558,6
CFMC-20160379,0.04887540228172909,0.12697361170563987,0.5750607078636548,0.03696906602776426,6
CFMC-20151811,0.08317584884937802,0.33699720118748205,0.08096701479381373,0.11080023367678866,4
CFMC-20150631,0.041990689943658725,0.09125613241835318,0.33176350039562663,0.024351379370021083,6
CFMC-20150384,0.054171712212149496,0.1095633182476344,0.4074771880909554,0.028787781449260853,4
CFMC-20151692,0.044282782784097884,0.0750050494134626,0.5109117608980663,0.05065147073416049,6
CFMC-20151415,0.039894163087250856,0.07045326680105281,0.4156951673047343,0.027148892168664215,6
CFMC-20151642,0.05103711061791656,0.08465172642469561,0.5947004752709575,0.06506523314097584,6
CFMC-20160398,0.06411730398627864,0.30792848512431953,0.08121245548705408,0.043340394858130016,4
CFMC-20151990,0.06456987093221446,0.3073018164283821,0.07424048349820714,0.04169270718997668,4
CFMC-20151783,0.1246564778433897,0.35609256913778975,0.05297650579435879,0.0662744472244618,5
CFMC-20151490,0.06221305880940865,0.08309056849555606,0.5432700895277371,0.028817587515124445,6
CFMC-20160511,0.08290189923406957,0.3554056898100635,0.07448791865992226,0.11039289809304602,4
CFMC-20150544,0.05246964369058162,0.09655097485098407,0.5241819609641012,0.02679742049433313,6
CFMC-20160211,0.07714677433666639,0.3369303610417438,0.09508038502150075,0.11205460081221029,4
CFMC-20151392,0.043444841846267075,0.06943671074918596,0.45698845715732866,0.01708651198634887,6
CFMC-20151754,0.09129462653375446,0.3890425233171089,0.08157971873590814,0.07808313141322835,4
CFMC-20151505,0.04851496378742988,0.07443251992318269,0.5577664159238629,0.02198880306822733,6
CFMC-20151500,0.05220192365220896,0.07100569348805923,0.5739385539202789,0.02024513328727889,6
CFMC-20151395,0.04768123023082194,0.08272741684662067,0.5845790636976773,0.03501228922488033,6
CFMC-20151025,0.050387264621179886,0.11598713806270433,0.27997865122007026,0.15364694609604557,1
CFMC-20151462,0.054149098937409046,0.12889159804307082,0.23239689347886813,0.14011796509620755,1
CFMC-20150200,0.05170215093636255,0.0894398342247686,0.5098881486721137,0.02754129473818384,6
CFMC-20150338,0.061036417761535816,0.13071907580034356,0.45162861977854935,0.0340352414982811,4
CFMC-20150339,0.07182848952995226,0.17206903070364665,0.08131158212047077,0.05298115286634782,5
CFMC-20151992,0.062492998245326094,0.2844027044057119,0.06691168865510105,0.05678084398797861,4
CFMC-20150165,0.0757450500647199,0.27326042147328616,0.062217328796826836,0.13423174511971267,1
CFMC-20160538,0.06068819936324613,0.09434525054024266,0.6225759124367649,0.027946193215301944,6
CFMC-20150033,0.05767520555863665,0.07882599400713025,0.36280938097975945,0.1458507097770543,1
CFMC-20151764,0.060888664724206516,0.28011184261413546,0.07350408976430524,0.07267489007683994,4
CFMC-20151796,0.050322208664533824,0.13201456473806308,0.5262865042949876,0.023771088499598327,6
CFMC-20151270,0.052603333372191724,0.2636360951099157,0.08115454578000761,0.03850346163532088,4
CFMC-20150387,0.04515745107393757,0.07214327427292722,0.441062330194735,0.1475192973995768,1
CFMC-20160509,0.0751784647684626,0.3310438941479696,0.06425271539510524,0.08080697697051385,4
CFMC-20151304,0.03592114564665425,0.22733299747662872,0.07485923630844635,0.036886620568270655,4
CFMC-20151120,0.09116621668829414,0.2647647436455119,0.10645324286710132,0.08307034225363802,4
CFMC-20160073,0.06574545910099168,0.257548188204384,0.0968828145631599,0.1101265684344945,6
CFMC-20151321,0.060996420608119606,0.07891962903021911,0.528795121997703,0.023596520671650776,6
CFMC-20160097,0.0583300735049222,0.1674031120696623,0.11675710204620743,0.18382550185289226,1
CFMC-20152043,0.05049993193281044,0.16898757800784764,0.06104115643086743,0.04089990505704594,4
CFMC-20151555,0.06689119687761537,0.30086397277418186,0.09044238370006202,0.05343035362488493,4
CFMC-20150757,0.05759229848888126,0.13118714826560646,0.5629489485385961,0.029521604706916282,6
CFMC-20150211,0.057929361417733645,0.1794422068987207,0.0567949973180218,0.11492434345643293,1
CFMC-20151170,0.07562522884493099,0.36423853129550354,0.06747829989765068,0.06642843176519334,4
CFMC-20151977,0.04460368258922144,0.22357234269906584,0.07669311503112544,0.04348037424369401,4
CFMC-20152036,0.06930078464979719,0.26614064679838795,0.06356463361073254,0.11210504605219328,1
CFMC-20151709,0.047515422157086956,0.13887045039468154,0.2885935153344567,0.05727867662990385,6
CFMC-20150638,0.03819565715480854,0.07645288343225635,0.5143334431123286,0.027268016300606497,6
CFMC-20150406,0.0390570161716853,0.09878081534462815,0.3554356799243878,0.022855520817363324,4
CFMC-20150741,0.07889129695554964,0.218144407540191,0.11582628690965666,0.06332848478507892,5
CFMC-20151785,0.07287883182774837,0.28731711810388655,0.05661407473417354,0.10287501470427024,4
CFMC-20152050,0.04206539074960127,0.21422218132744447,0.024320364877640416,0.01350971010413735,4
CFMC-20151204,0.02458802589401595,0.1413337359100572,0.09953157915144262,0.01579665904448423,6
CFMC-20151370,0.06323554317292078,0.1009041040814384,0.54592548641421,0.026776971594588805,6
CFMC-20151560,0.049161501846861376,0.09241842169553903,0.5449710310529126,0.050291150667844994,4
CFMC-20160129,0.05982151152192229,0.3293645399895812,0.11067149973398357,0.04680911542117957,4
CFMC-20160334,0.04981921487591546,0.06589356691694519,0.512774443882894,0.023686687367723728,6
CFMC-20150061,0.0615027715343725,0.2299168688247561,0.10021848763480536,0.07264758629178032,6
CFMC-20160170,0.0639006175921395,0.2900401486830058,0.0781264618281058,0.08308428704826402,4
CFMC-20151532,0.048104201155122886,0.08132766655475018,0.47048845570999814,0.04293681943727167,6
CFMC-20151351,0.07843989645407295,0.25326365171581666,0.07107888324417144,0.09721756858593893,5
CFMC-20160490,0.04949697229285583,0.20794542428042373,0.04566068362624192,0.047890297283922245,4
CFMC-20151461,0.04996258077975249,0.13774016084138657,0.09331364674319462,0.14322603587809057,1
CFMC-20160224,0.08837704729572925,0.38833761345213164,0.08812449078009658,0.10182751513870907,4
CFMC-20150891,0.07613393121048119,0.32592093766816005,0.08620494112863543,0.09794708654444748,4
CFMC-20151019,0.08283221820649793,0.31669957950410754,0.10199516224163399,0.11059425216897233,4
CFMC-20160259,0.05604560693472526,0.0829597167743723,0.6179074438964479,0.04308723239445459,6
CFMC-20151697,0.04174474605630161,0.08030962806804916,0.5240647947436651,0.04478992204107504,6
CFMC-20151584,0.05231652969478361,0.18529802892920086,0.07292076223723626,0.1260843974486384,4
CFMC-20150273,0.07572627750534663,0.09470086194368028,0.6294868467909578,0.03879569117937014,6
CFMC-20151797,0.031856237305535794,0.06258499809552708,0.3897791404237603,0.01577962417517686,6
CFMC-20160413,0.05453130483035629,0.12708677772051502,0.48130530610545236,0.027552801819866846,6
CFMC-20150244,0.076403851407578,0.2577629248731171,0.1003902422254738,0.09669298149383115,6
CFMC-20151511,0.035068072780792485,0.17103866604446882,0.05349368556842733,0.050744403192518286,6
CFMC-20151652,0.058601875699755036,0.09760153074572306,0.42498696105862166,0.0417604521680314,6
CFMC-20160093,0.044575269303925774,0.11120996258287925,0.5865157950827474,0.031892521417544416,6
CFMC-20160468,0.06481847431069887,0.3079578803992165,0.06448141561714583,0.04845651538722447,4
CFMC-20150445,0.10205029388419043,0.37062368190513406,0.08307501766238232,0.04425100654829317,4
CFMC-20150170,0.05227818879933349,0.1761943184853513,0.04612682455407106,0.07540066816124419,6
CFMC-20151807,0.07420623520637062,0.3923444255329113,0.07676418977361321,0.11625961757221133,4
CFMC-20151114,0.07123071863733303,0.3398893516709266,0.06684512770817053,0.09346337341214128,4
CFMC-20151826,0.04972674793740591,0.08047140047543899,0.586376324665882,0.03342552692127314,6
CFMC-20160127,0.06166894314091669,0.08115191027692394,0.6516596741854714,0.02370129057850626,6
CFMC-20151237,0.13222126318298247,0.28937221079038483,0.0764425528439952,0.09455656577523,5
CFMC-20150959,0.08110630589117762,0.28178150004762736,0.06732246031284807,0.13389229785091078,1
CFMC-20151873,0.07017716882316018,0.35961030191832405,0.07284476722591868,0.09736776203259707,4
CFMC-20151620,0.027557100501244325,0.15198935705700087,0.15989703245021833,0.024192873627900145,4
CFMC-20150965,0.06557118279007773,0.3164283978680278,0.07903589790393313,0.07087941505498259,4
CFMC-20150953,0.0572795976959058,0.1148002390611772,0.5913286329184139,0.02969497860036529,6
CFMC-20150655,0.011564032379064034,0.07206990512246396,0.01921946373960719,0.02214659875886481,4
CFMC-20151982,0.05451552882902604,0.25871004446720913,0.0782550814367957,0.02315349160843254,4
CFMC-20160436,0.04505645350863747,0.1790617098383122,0.04292634380061403,0.05888141877836224,6
CFMC-20150661,0.038618333013905846,0.07974049725701833,0.2818386902463169,0.05926193894221843,6
CFMC-20151332,0.06119798470355875,0.0784412789540351,0.39948879172049395,0.02497450872447634,6
CFMC-20151117,0.06428118953183228,0.24271394967989102,0.09282004731923317,0.05851814680237688,4
CFMC-20150988,0.055689687531238145,0.07407762719857006,0.5465645140064329,0.023668171263758885,6
CFMC-20150046,0.038145062414853714,0.22846564686592502,0.07099858320608857,0.04076908589151109,4
CFMC-20151580,0.05308625313314979,0.10985018047682704,0.4556519136628972,0.04807831939379273,4
CFMC-20160385,0.03761970891839464,0.061012573803060965,0.4636100124534998,0.02750129456863444,6
CFMC-20151590,0.05664885914844232,0.09176278066085702,0.5637281369947864,0.048729788413305594,6
CFMC-20150887,0.043376580399859685,0.09083752903054937,0.23382866770561075,0.06052865143540876,6
CFMC-20150188,0.0724485147865546,0.16431928803726709,0.17549086662943625,0.041074663880075406,6
CFMC-20151556,0.05841175152244606,0.2639248082176279,0.05243787515669288,0.025225565103233094,4
CFMC-20150852,0.08599124784593375,0.34477470271887156,0.07733152474844748,0.12583109611531854,4
CFMC-20160079,0.05541568853905222,0.25396465789020695,0.12286054994358402,0.0320448179128711,4
CFMC-20160022,0.05036484705339923,0.08854966988021015,0.45824733754214153,0.019859422119993798,6
CFMC-20151787,0.07500664603698813,0.16075089182038338,0.0660451414405468,0.04194732070208165,5
CFMC-20151540,0.07772662298435004,0.3188881719927082,0.05203664431995101,0.10872560988331863,4
CFMC-20160125,0.04823085443436596,0.07225555967288451,0.49372927474629724,0.0302287555908968,6
CFMC-20160395,0.09018300631445915,0.14138704650789777,0.07740499088095765,0.024358289630018744,5
CFMC-20150671,0.03122568655254772,0.05668709728664846,0.31444952925813946,0.045006107955295985,6
CFMC-20160530,0.03656938547939323,0.13668487587098277,0.2360312765657653,0.042327365309665126,6
CFMC-20151858,0.06416077480772532,0.08683863418083088,0.5466839336930222,0.01970796166624782,6
CFMC-20160185,0.05388386805713984,0.29628071073654444,0.10357530649237368,0.03605603308128891,4
CFMC-20160364,0.03423268991012877,0.10685158988769346,0.344117421772555,0.02831181194313637,4
CFMC-20151849,0.04969229065898865,0.09499693792646997,0.5004139826210123,0.040611074507814975,6
CFMC-20151680,0.05155769273261603,0.3344096659433532,0.07796577881021578,0.036066862513814975,4
CFMC-20160303,0.05655174531015601,0.08070120028769458,0.6260727243439612,0.019283025710362275,6
CFMC-20151907,0.0678523349056533,0.24489205414207205,0.061973587883164497,0.08290914171317795,6
CFMC-20151722,0.04361422025697494,0.07060553973104605,0.4466124322276285,0.05207103359080216,6
CFMC-20151413,0.05370173768831067,0.09763123390694235,0.5924833475744381,0.037433680830309034,6
CFMC-20151897,0.04424052483776381,0.09733184451097308,0.323360196898489,0.05590076708610753,1
CFMC-20150495,0.0845386006752953,0.2851904063574196,0.07717365627853295,0.10309733668875223,4
CFMC-20151848,0.04443820630961119,0.07588328276268926,0.43679127080021257,0.02066501790526484,6
CFMC-20150987,0.05446738206046108,0.1096329937663554,0.4932987020753683,0.023451985927602576,6
CFMC-20150982,0.05088206512952334,0.09012788539492876,0.5532708064897681,0.027941465208002107,6
CFMC-20160239,0.04307227254288968,0.15030813474454083,0.12614291695242552,0.04488345542116082,4
CFMC-20151780,0.0740116128843465,0.3036073960261524,0.09925475238268128,0.058009959637052314,4
CFMC-20151689,0.057712281675251026,0.27824957545703816,0.07008021300081639,0.06707620943678691,4
CFMC-20151477,0.040400066402966825,0.2837454533826041,0.06903671829077591,0.03181776192365321,4
CFMC-20151095,0.05522890072714744,0.2565168838148968,0.0655574617639737,0.034461459576335014,4
CFMC-20160281,0.07185719311151978,0.3184326752520372,0.06796857909261392,0.058982931854173797,4
CFMC-20150660,0.08154032276355799,0.21295055467582033,0.09851078222342756,0.09348482682368059,5
CFMC-20150090,0.07412370400800083,0.08351367520527163,0.3837107524524117,0.02621943590188344,5
CFMC-20151974,0.06411943005901767,0.09314697521000585,0.8077614992502467,0.034972095480729944,6
CFMC-20150381,0.03444306880791801,0.08299954871996647,0.48199197125590043,0.022187032837836806,6
CFMC-20151262,0.03084078109310101,0.2076329296223546,0.0675326913349218,0.03361623945905653,4
CFMC-20151402,0.040819963645071185,0.08696864654511616,0.4707215245147584,0.023111486916675895,6
CFMC-20160196,0.0702654309810756,0.13476560005494387,0.3757728233445661,0.03030725673052562,5
CFMC-20151570,0.061787315181610604,0.10856138848025704,0.5389130961149475,0.05389609496002692,6
CFMC-20150820,0.029003890453015258,0.14794773136282544,0.061690140414605785,0.028625505036820733,6
CFMC-20151279,0.04446945644362847,0.08283073588461355,0.5230854168495007,0.03532867653654305,6
CFMC-20151855,0.04751592445378928,0.06938004759020598,0.42741537415330094,0.023870471984522,6
CFMC-20151544,0.06803577508992703,0.255099489822397,0.07700819970943014,0.08822862840150154,6
CFMC-20151213,0.07438215348737304,0.3161188603044444,0.12013729974956158,0.044917242014176566,4
CFMC-20151656,0.04910020663853203,0.09174303334530658,0.5143854760854563,0.044771283930705195,6
CFMC-20160108,0.05898666954470016,0.0921676984761438,0.5422176952207395,0.02457665470713452,6
CFMC-20150482,0.08778868491675214,0.31271195094083387,0.07464995475204435,0.11308470350801667,4
CFMC-20150666,0.03472181878978931,0.19434515390757587,0.052313201048999385,0.031119826253635467,4
CFMC-20151195,0.03485149787931608,0.13170675342439653,0.03384906581140537,0.10435458764678675,1
CFMC-20151685,0.061124001968367175,0.18120913432110508,0.0960161023836983,0.2051290221963947,1
CFMC-20160284,0.04295480286586742,0.20337453755467796,0.06347509294115314,0.03802165359482318,4
CFMC-20151449,0.0492473640760235,0.06596958070973837,0.5305110637367746,0.020938658144130224,6
